Perovskite,A1,A2,A3,B1,B2,X1,X2,X3,Mean_Bg
MAFACsPbSnBrClI,0.83,0,0.17,1,0,0.6,0,2.4,1.61
MAFACsPbSnBrClI,0,0,1,1,0,1.5,1.5,0,2.49
MAFACsPbSnBrClI,0.72,0.15,0.13,1,0,0.501,0,2.499,1.63
MAFACsPbSnBrClI,0.75,0.15,0.1,0.75,0.25,0.501,0,2.499,1.36
MAFACsPbSnBrClI,0.8,0,0.2,0.25,0.75,0,0,3,1.2
MAFACsPbSnBrClI,0.37,0.6,0.03,1,0,0.024,0,2.976,1.6
MAFACsPbSnBrClI,0,1,0,0.75,0.25,1.8,0,1.2,1.73
MAFACsPbSnBrClI,0.66,0.34,0,1,0,0.42,0,2.58,1.62
MAFACsPbSnBrClI,0.78,0.16,0.06,1,0,0.51,0,2.49,1.63
MAFACsPbSnBrClI,0,1,0,1,0,0.075,0,2.925,1.613
MAFACsPbSnBrClI,0.73,0.2,0.07,1,0,0.471,0,2.529,1.6
MAFACsPbSnBrClI,0.83,0,0.17,0.8,0.2,0,0,3,1.35
MAFACsPbSnBrClI,0.75,0,0.25,1,0,0.51,0,2.49,1.63
MAFACsPbSnBrClI,0.8,0,0.2,1,0,0.6,0,2.4,1.48
MAFACsPbSnBrClI,0.85,0,0.15,1,0,0.12,0,2.88,1.6
MAFACsPbSnBrClI,0.8,0.15,0.05,1,0,0.45,0,2.55,1.606
MAFACsPbSnBrClI,0.82,0.18,0,1,0,0.531,0,2.46,1.64
MAFACsPbSnBrClI,0.45,0.5,0.05,0.5,0.5,0,0,3,1.26
MAFACsPbSnBrClI,0.57,0.38,0.05,1,0,0,0,3,1.54
MAFACsPbSnBrClI,0,0,1,1,0,2.4,0.6,0,2.33
MAFACsPbSnBrClI,0.8075,0.1425,0.05,1,0,0.45,0,2.55,1.616
MAFACsPbSnBrClI,0.7,0,0.3,1,0,0.768,0,2.232,1.72
MAFACsPbSnBrClI,0.6,0.2,0.2,1,0,0.768,0,2.232,1.7
MAFACsPbSnBrClI,0,0,1,0.6,0.4,0,0,3,1.38
MAFACsPbSnBrClI,0.17,0.83,0,1,0,3,0,0,2.296
MAFACsPbSnBrClI,0.6,0.2,0.2,1,0,0.285,0,2.715,1.64
MAFACsPbSnBrClI,0.8,0,0.2,1,0,0.768,0,2.232,1.71
MAFACsPbSnBrClI,0.79,0.16,0.05,1,0,1.5,0,1.5,1.85
MAFACsPbSnBrClI,0,1,0,1,0,1.8,0,1.2,1.92
MAFACsPbSnBrClI,0,0.98,0.02,1,0,0.06,0,2.94,1.6
MAFACsPbSnBrClI,0.33,0.67,0,1,0,2.001,0,0.999,1.974
MAFACsPbSnBrClI,0,1,0,1,0,0.3,0,2.7,1.65
MAFACsPbSnBrClI,0,1,0,1,0,1.77,0,1.23,1.96
MAFACsPbSnBrClI,0.6,0.4,0,0.4,0.6,0,0,3,1.25
MAFACsPbSnBrClI,0.78,0.14,0.08,1,0,0.42,0,2.58,1.61
MAFACsPbSnBrClI,0.2,0.6,0.2,1,0,0,0,3,1.634
MAFACsPbSnBrClI,0.9,0,0.1,1,0,0.099,0,2.901,1.55
MAFACsPbSnBrClI,1,0,0,1,0,0.6,0,2.4,1.57
MAFACsPbSnBrClI,0.5,0.5,0,0.5,0.5,0,0,3,1.254
MAFACsPbSnBrClI,0,1,0,0.4,0.6,0.9,0,2.1,1.25
MAFACsPbSnBrClI,0,0.89,0.11,1,0,0,0,3,1.62
MAFACsPbSnBrClI,0.3,0.7,0,1,0,2.1,0,0.9,2.03
MAFACsPbSnBrClI,0.79,0.16,0.05,0.75,0.25,0.501,0,2.499,1.34
MAFACsPbSnBrClI,0.6,0.4,0,1,0,0.768,0,2.232,1.72
MAFACsPbSnBrClI,0,0.77,0.23,1,0,0,0,3,1.644
MAFACsPbSnBrClI,0,1,0,1,0,0.075,0,2.976,1.6
MAFACsPbSnBrClI,0.81,0.14,0.05,1,0,0.45,0,2.55,1.63
MAFACsPbSnBrClI,0,1,0,1,0,0.069,0,2.931,1.61
MAFACsPbSnBrClI,0.7,0,0.3,1,0,0.285,0,2.715,1.63
MAFACsPbSnBrClI,0.85,0,0.15,1,0,0.9,0,2.1,1.72
MAFACsPbSnBrClI,0,1,0,0.25,0.75,1.2,0,1.8,1.34
MAFACsPbSnBrClI,0.38,0.57,0.05,1,0,0.201,0,2.799,1.57
MAFACsPbSnBrClI,0.95,0,0.05,1,0,0.15,0,2.85,1.538
MAFACsPbSnBrClI,0.79,0.16,0.05,0.916,0.084,0.519,0,2.481,1.38
MAFACsPbSnBrClI,0,1,0,0.75,0.25,1.2,0,1.8,1.59
MAFACsPbSnBrClI,0,1,0,1,0,0.36,0,2.64,1.62
MAFACsPbSnBrClI,0.8,0,0.2,0,1,0,0,3,1.2
MAFACsPbSnBrClI,0,0.99,0.01,1,0,0.03,0,2.97,1.6
MAFACsPbSnBrClI,0,0.83,0.17,1,0,0,0,3,1.633
MAFACsPbSnBrClI,0.83,0,0.17,0.98,0.02,0,0,3,1.51
MAFACsPbSnBrClI,0,1,0,1,0,0.99,2.01,0,2.81
MAFACsPbSnBrClI,0.9,0.1,0,1,0,0.03,0,2.97,1.581
MAFACsPbSnBrClI,0,1,0,1,0,0.6,0,2.4,1.62
MAFACsPbSnBrClI,0.87,0,0.13,1,0,0.999,0,2.001,1.72
MAFACsPbSnBrClI,0,0.91,0.09,1,0,0,0,3,1.59
MAFACsPbSnBrClI,0,1,0,0.5,0.5,0.6,0,2.4,1.35
MAFACsPbSnBrClI,0.83,0.17,0,1,0,2.001,0,0.999,1.976
MAFACsPbSnBrClI,0.84,0.16,0,1,0,0.501,0,2.499,1.65
MAFACsPbSnBrClI,0,0,1,0,1,0,3,0,2.8
MAFACsPbSnBrClI,0.8,0,0.2,1,0,0.42,0,2.58,1.59
MAFACsPbSnBrClI,0,1,0,0.25,0.75,0,0,3,1.24
MAFACsPbSnBrClI,0,1,0,1,0,1.14,0,1.86,1.777
MAFACsPbSnBrClI,0,1,0,1,0,0.249,0,2.751,1.65
MAFACsPbSnBrClI,0.4,0.6,0,1,0,0,0,3,1.544
MAFACsPbSnBrClI,0,0,1,0,1,2.001,0,0.999,1.64
MAFACsPbSnBrClI,0.79,0.16,0.05,1,0,0.3,0,2.7,1.59
MAFACsPbSnBrClI,0.475,0.5,0.025,0.5,0.5,0,0,3,1.27
MAFACsPbSnBrClI,0.83,0.12,0.05,1,0,0.51,0,2.49,1.63
MAFACsPbSnBrClI,0.79,0.16,0.05,1,0,0.51,0,2.49,1.616
MAFACsPbSnBrClI,0.94,0.01,0.05,1,0,0.03,0,2.97,1.55
MAFACsPbSnBrClI,0.83,0.17,0,1,0,0.39,0,2.61,1.6
MAFACsPbSnBrClI,0.75,0.15,0.1,1,0,0.45,0,2.55,1.63
MAFACsPbSnBrClI,0,0,1,1,0,0.309,0,2.691,1.75
MAFACsPbSnBrClI,0.71,0.29,0,1,0,0.42,0,2.58,1.62
MAFACsPbSnBrClI,0.33,0.67,0,1,0,0,0,3,1.56
MAFACsPbSnBrClI,0.976,0.024,0,1,0,0.075,0,2.925,1.54
MAFACsPbSnBrClI,0.6,0.4,0,0.4,0.6,0,0,3,1.25
MAFACsPbSnBrClI,0.79,0.14,0.07,1,0,0.45,0,2.55,1.55
MAFACsPbSnBrClI,0.6,0,0.4,1,0,0.9,0,2.1,1.76
MAFACsPbSnBrClI,0,1,0,0.8,0.2,0,0,3,1.5
MAFACsPbSnBrClI,0,0.95,0.05,1,0,0,0,3,1.51
MAFACsPbSnBrClI,0.747,0.153,0.1,1,0,0.51,0,2.49,1.73
MAFACsPbSnBrClI,0,1,0,1,0,0.051,0,2.949,1.58
MAFACsPbSnBrClI,0.83,0,0.17,0.99,0.01,0,0,3,1.52
MAFACsPbSnBrClI,0.79,0.15,0.06,1,0,0.45,0,2.55,1.64
MAFACsPbSnBrClI,0,0,1,1,0,0.09,0,2.91,1.77
MAFACsPbSnBrClI,0.71,0.14,0.15,1,0,0.9,0,2.1,1.7
MAFACsPbSnBrClI,0,0.6,0.4,1,0,0,0,3,1.62
MAFACsPbSnBrClI,0.83,0.17,0,1,0,1.5,0,1.5,1.853
MAFACsPbSnBrClI,0.83,0.17,0,1,0,2.499,0,0.501,2.113
MAFACsPbSnBrClI,0.3,0.7,0,1,0,0.15,0,2.85,1.6
MAFACsPbSnBrClI,0.81,0.14,0.05,1,0,0.399,0,2.601,1.61
MAFACsPbSnBrClI,0,0.66,0.34,1,0,0,0,3,1.652
MAFACsPbSnBrClI,0.945,0.025,0.03,1,0,0.075,0,2.925,1.56
MAFACsPbSnBrClI,0.9,0,0.1,1,0,0.09,0,2.91,1.54
MAFACsPbSnBrClI,0.75,0,0.25,1,0,0,0,3,1.57
MAFACsPbSnBrClI,0,1,0,1,0,0.3,0,2.7,1.589
MAFACsPbSnBrClI,0.8,0,0.2,0.75,0.25,0,0,3,1.35
MAFACsPbSnBrClI,0,1,0,1,0,0.021,0,2.979,1.6
MAFACsPbSnBrClI,0.75,0.15,0.1,1,0,0.45,0,2.55,1.63
MAFACsPbSnBrClI,0.79,0.16,0.05,1,0,0.471,0,2.529,1.59
MAFACsPbSnBrClI,1,0,0,1,0,0,0,3,1.48
MAFACsPbSnBrClI,0,1,0,0.75,0.25,0,0,3,1.24
MAFACsPbSnBrClI,0,0,1,1,0,2.7,0,0.3,2.32
MAFACsPbSnBrClI,0.58,0.33,0.09,1,0,0.651,0,2.349,1.59
MAFACsPbSnBrClI,0,1,0,1,0,0.09,0,2.91,1.6
MAFACsPbSnBrClI,0.78,0.15,0.07,1,0,0.45,0,2.55,1.61
MAFACsPbSnBrClI,0.8,0.15,0.05,1,0,0.45,0,2.55,1.61
MAFACsPbSnBrClI,0.765,0.135,0.1,1,0,0.45,0,2.55,1.611
MAFACsPbSnBrClI,0.83,0,0.17,1,0,1.8,0,1.2,1.93
MAFACsPbSnBrClI,0,1,0,1,0,1.5,0,1.5,1.872
MAFACsPbSnBrClI,0.83,0.17,0,1,0,0.33,0,2.67,1.59
MAFACsPbSnBrClI,0.7,0,0.3,1,0,0,0,3,1.512
MAFACsPbSnBrClI,0,0,1,0,1,2.01,0.99,0,1.9
MAFACsPbSnBrClI,0.7,0,0.3,1,0,3,0,0,2.287
MAFACsPbSnBrClI,0.85,0.15,0,1,0,0,0,3,1.549
MAFACsPbSnBrClI,0,1,0,0.875,0.125,0,0,3,1.42
MAFACsPbSnBrClI,0.4,0.6,0,1,0,0.024,0,2.976,1.6
MAFACsPbSnBrClI,0,0.85,0.15,1,0,0.45,0,2.55,1.717
MAFACsPbSnBrClI,0.76,0.14,0.1,1,0,0.51,0,2.49,1.61
MAFACsPbSnBrClI,0.79,0.16,0.05,0.5,0.5,0.501,0,2.499,1.31
MAFACsPbSnBrClI,0,1,0,1,0,0.12,0,2.88,1.6
MAFACsPbSnBrClI,0.17,0.83,0,1,0,2.499,0,0.501,2.153
MAFACsPbSnBrClI,0.54,0.36,0.1,1,0,0,0,3,1.51
MAFACsPbSnBrClI,0,0,1,1,0,0.45,0,2.55,1.84
MAFACsPbSnBrClI,0.83,0.17,0,1,0,0.501,0,2.499,1.606
MAFACsPbSnBrClI,0.81,0.14,0.05,1,0,0.45,0,2.55,1.597
MAFACsPbSnBrClI,0,0.9,0.1,1,0,0,0,3,1.54
MAFACsPbSnBrClI,1,0,0,0.5,0.5,0,0,3,1.17
MAFACsPbSnBrClI,0.81,0.09,0.1,1,0,0.099,0,2.901,1.55
MAFACsPbSnBrClI,0.83,0.12,0.05,1,0,0.36,0,2.64,1.61
MAFACsPbSnBrClI,0,0,1,1,0,0.201,0,2.799,1.82
MAFACsPbSnBrClI,0.67,0.33,0,1,0,2.001,0,0.999,1.969
MAFACsPbSnBrClI,0,1,0,0.75,0.25,2.1,0,0.9,1.8
MAFACsPbSnBrClI,0.84,0.16,0,1,0,0.51,0,2.49,1.64
MAFACsPbSnBrClI,0,0.85,0.15,1,0,0,0,3,1.59
MAFACsPbSnBrClI,0.83,0,0.17,0.95,0.05,0,0,3,1.485
MAFACsPbSnBrClI,0.85,0,0.15,1,0,0.45,0,2.55,1.535
MAFACsPbSnBrClI,0,0,1,1,0,0.999,0,2.001,1.92
MAFACsPbSnBrClI,0,1,0,1,0,0.15,0,2.85,1.577
MAFACsPbSnBrClI,0.8,0.16,0.04,1,0,0.501,0,2.499,1.61
MAFACsPbSnBrClI,0.6,0.4,0,0.4,0.6,0.3,0,2.7,1.354
MAFACsPbSnBrClI,0,1,0,0.75,0.25,3,0,0,2.03
MAFACsPbSnBrClI,0.666,0.0664,0.2668,1,0,0.768,0,2.232,1.71
MAFACsPbSnBrClI,0.75,0.25,0,0,1,0,0,3,1.4
MAFACsPbSnBrClI,0.84,0.16,0,1,0,0.399,0,2.601,1.53
MAFACsPbSnBrClI,0,0,1,1,0,0.21,0,2.79,1.81
MAFACsPbSnBrClI,0,0,1,1,0,0.15,0,2.85,1.736
MAFACsPbSnBrClI,0.33,0.67,0,1,0,0.501,0,2.499,1.671
MAFACsPbSnBrClI,0,1,0,0.4,0.6,1.8,0,1.2,1.29
MAFACsPbSnBrClI,0.85,0,0.15,1,0,0.3,0,2.7,1.56
MAFACsPbSnBrClI,0,1,0,1,0,1.5,0,1.5,1.72
MAFACsPbSnBrClI,0,1,0,1,0,0.321,0,2.679,1.64
MAFACsPbSnBrClI,0,1,0,1,0,0.75,0,2.25,1.694
MAFACsPbSnBrClI,0.17,0.83,0,1,0,1.5,0,1.5,1.858
MAFACsPbSnBrClI,0,1,0,0.2,0.8,0,0,3,1.204
MAFACsPbSnBrClI,0.7,0.3,0,1,0,0,0,3,1.582
MAFACsPbSnBrClI,0.85,0.15,0,1,0,0.45,0,2.55,1.625
MAFACsPbSnBrClI,0.1,0.9,0,1,0,0.3,0,2.7,1.586
MAFACsPbSnBrClI,0.75,0,0.25,1,0,0.6,0,2.4,1.7
MAFACsPbSnBrClI,0,1,0,1,0,1.86,1.14,0,2.64
MAFACsPbSnBrClI,0.66,0.14,0.2,0.75,0.25,0.501,0,2.499,1.38
MAFACsPbSnBrClI,0.125,0.875,0,1,0,0,0,3,1.55
MAFACsPbSnBrClI,0.78,0.14,0.08,1,0,0.42,0,2.58,1.61
MAFACsPbSnBrClI,0,1,0,1,0,0.099,0,2.901,1.601
MAFACsPbSnBrClI,0.67,0.33,0,1,0,0,0,3,1.528
MAFACsPbSnBrClI,0.83,0.17,0,1,0,2.7,0.3,0,2.27
MAFACsPbSnBrClI,0,1,0,0.75,0.25,0.9,0,2.1,1.53
MAFACsPbSnBrClI,0.6,0,0.4,1,0,1.05,0,1.95,1.8
MAFACsPbSnBrClI,0.733,0.133,0.133,1,0,0.285,0,2.715,1.65
MAFACsPbSnBrClI,0,1,0,1,0,0.81,0,2.19,1.71
MAFACsPbSnBrClI,0.6,0.4,0,0.4,0.6,0.12,0,2.88,1.26
MAFACsPbSnBrClI,0.8,0.2,0,1,0,0,0,3,1.412
MAFACsPbSnBrClI,0,1,0,0.8,0.2,0.399,0,2.601,1.26
MAFACsPbSnBrClI,0.75,0.1,0.15,1,0,0.099,0,2.901,1.57
MAFACsPbSnBrClI,0.15,0.85,0,1,0,0,0,3,1.63
MAFACsPbSnBrClI,0,1,0,1,0,2.52,0,0.48,2.154
MAFACsPbSnBrClI,0.9,0,0.1,1,0,0.768,0,2.232,1.72
MAFACsPbSnBrClI,1,0,0,1,0,0.285,0,2.715,1.59
MAFACsPbSnBrClI,1,0,0,0.2,0.8,0,0,3,1.29
MAFACsPbSnBrClI,0,1,0,1,0,0.39,0,2.61,1.641
MAFACsPbSnBrClI,0.875,0,0.125,1,0,0.375,0,2.625,1.581
MAFACsPbSnBrClI,0.7,0.25,0.05,1,0,0,0,3,1.51
MAFACsPbSnBrClI,0.85,0.15,0,1,0,0.45,0,2.55,1.58
MAFACsPbSnBrClI,0.8,0,0.2,1,0,0.285,0,2.715,1.65
MAFACsPbSnBrClI,0.83,0.17,0,1,0,0.51,0,2.49,1.6
MAFACsPbSnBrClI,0,1,0,0.4,0.6,1.2,0,1.8,1.26
MAFACsPbSnBrClI,0.85,0.15,0,1,0,0.6,0,2.4,1.616
MAFACsPbSnBrClI,0.66,0.34,0,1,0,0,0,3,1.533
MAFACsPbSnBrClI,0.026,0.974,0,1,0,0,0,3,1.516
MAFACsPbSnBrClI,0,0,1,0,1,0,0,3,1.295
MAFACsPbSnBrClI,1,0,0,1,0,3,0,0,2.23
MAFACsPbSnBrClI,0.1,0.8,0.1,1,0,0,0,3,1.5
MAFACsPbSnBrClI,0.125,0.875,0,1,0,0.999,0,2.001,1.71
MAFACsPbSnBrClI,0.17,0.83,0,1,0,2.001,0,0.999,1.989
MAFACsPbSnBrClI,0.77,0.2,0.03,1,0,0.459,0,2.541,1.5
MAFACsPbSnBrClI,0,1,0,1,0,1.2,0,1.8,1.781
MAFACsPbSnBrClI,0.32,0.48,0.2,1,0,0.201,0,2.799,1.607
MAFACsPbSnBrClI,0.79,0.16,0.05,0.832,0.168,0.519,0,2.481,1.38
MAFACsPbSnBrClI,0.79,0.16,0.05,1,0,0,0,3,1.57
MAFACsPbSnBrClI,0,0,1,0,1,0.999,0,2.001,1.37
MAFACsPbSnBrClI,0.8668,0.0664,0.0664,1,0,0.285,0,2.715,1.63
MAFACsPbSnBrClI,0.8,0,0.2,0.3,0.7,0,0,3,1.35
MAFACsPbSnBrClI,0.83,0,0.17,1,0,0.171,0,2.829,1.6
MAFACsPbSnBrClI,0,0,1,1,0,1.5,0,1.5,1.9
MAFACsPbSnBrClI,1,0,0,1,0,2.67,0.33,0,2.3
MAFACsPbSnBrClI,0.75,0.2,0.05,1,0,0,0,3,1.52
MAFACsPbSnBrClI,0.83,0,0.17,1,0,1.2,0,1.8,1.75
MAFACsPbSnBrClI,0.83,0,0.17,1,0,1.2,0,1.8,1.74
MAFACsPbSnBrClI,0.83,0.17,0,1,0,0.459,0,2.541,1.57
MAFACsPbSnBrClI,0,1,0,1,0,0.9,0,2.1,1.72
MAFACsPbSnBrClI,0.7,0,0.3,1,0,0.15,0,2.85,1.62
MAFACsPbSnBrClI,0,0,1,0,1,0.501,0,2.499,1.375
MAFACsPbSnBrClI,0.7,0.25,0.05,1,0,0,0,3,1.51
MAFACsPbSnBrClI,0.44,0.56,0,1,0,0.33,0,2.67,1.62
MAFACsPbSnBrClI,0.33,0.66,0,0.66,0.33,0,0,3,1.3
MAFACsPbSnBrClI,0.5,0.45,0.05,0.5,0.5,0,0,3,1.22
MAFACsPbSnBrClI,0.67,0.33,0,1,0,2.499,0,0.501,2.115
MAFACsPbSnBrClI,1,0,0,1,0,2.499,0,0.501,2.105
MAFACsPbSnBrClI,0.85,0,0.15,1,0,0.15,0,2.85,1.587
MAFACsPbSnBrClI,0.75,0.08,0.17,1,0,0.39,0,2.61,1.61
MAFACsPbSnBrClI,0.85,0,0.15,1,0,0,0,3,1.541
MAFACsPbSnBrClI,0.79,0.16,0.05,1,0,0.45,0,2.55,1.614
MAFACsPbSnBrClI,0,0,1,1,0,3,0,0,2.3
MAFACsPbSnBrClI,0.9,0.1,0,1,0,0.768,0,2.232,1.7
MAFACsPbSnBrClI,0,1,0,1,0,0.6,2.4,0,2.83
MAFACsPbSnBrClI,0.79,0.16,0.05,0.58,0.42,0.519,0,2.481,1.38
MAFACsPbSnBrClI,0.74,0.16,0.1,1,0,0.51,0,2.49,1.61
MAFACsPbSnBrClI,0.3,0.7,0,1,0,0.3,0,2.7,1.603
MAFACsPbSnBrClI,1,0,0,0.5,0.5,0,0,3,1.22
MAFACsPbSnBrClI,0,1,0,1,0,1.26,0,1.74,1.79
MAFACsPbSnBrClI,0.8,0.04,0.16,1,0,1.5,0,1.5,1.82
MAFACsPbSnBrClI,0.17,0.83,0,1,0,0,0,3,1.588
MAFACsPbSnBrClI,0.5,0.38,0.12,1,0,0.96,0,2.04,1.72
MAFACsPbSnBrClI,0,1,0,1,0,0.33,0,2.67,1.627
MAFACsPbSnBrClI,0,0.7,0.3,0.5,0.5,0,0,3,1.28
MAFACsPbSnBrClI,0,0.8,0.2,0.5,0.5,0,0,3,1.3
MAFACsPbSnBrClI,0.8,0.15,0.05,1,0,0.45,0,2.55,1.59
MAFACsPbSnBrClI,0,0.95,0.05,1,0,0,0,3,1.61
MAFACsPbSnBrClI,1,0,0,1,0,0.768,0,2.232,1.7
MAFACsPbSnBrClI,0.6,0.4,0,0.4,0.6,0.18,0,2.82,1.272
MAFACsPbSnBrClI,0,1,0,0.75,0.25,2.4,0,0.6,1.9
MAFACsPbSnBrClI,1,0,0,1,0,0,0,3,1.48
MAFACsPbSnBrClI,0.9,0,0.1,1,0,0,0,3,1.512
MAFACsPbSnBrClI,0.5,0.5,0,1,0,2.499,0,0.501,2.141
MAFACsPbSnBrClI,0,0.8,0.2,1,0,0,0,3,1.57
MAFACsPbSnBrClI,0,1,0,0.85,0.15,0,0,3,1.51
MAFACsPbSnBrClI,0.75,0.15,0.1,0,1,0.501,0,2.499,1.44
MAFACsPbSnBrClI,0.38,0.6,0.02,1,0,0.024,0,2.976,1.6
MAFACsPbSnBrClI,1,0,0,0.125,0.875,0,0,3,1.25
MAFACsPbSnBrClI,0,1,0,1,0,0.3,0,2.7,1.58
MAFACsPbSnBrClI,0.3,0.7,0,1,0,0,0,3,1.583
MAFACsPbSnBrClI,0.8,0.04,0.16,1,0,1.71,0,1.29,1.89
MAFACsPbSnBrClI,0.81,0.16,0.03,1,0,0.501,0,2.499,1.63
MAFACsPbSnBrClI,0.8,0,0.2,1,0,0.9,0,2.1,1.75
MAFACsPbSnBrClI,0.79,0.16,0.05,1,0,0.39,0,2.61,1.59
MAFACsPbSnBrClI,1,0,0,0.625,0.375,0,0,3,1.24
MAFACsPbSnBrClI,0.8,0,0.2,1,0,1.5,0,1.5,1.82
MAFACsPbSnBrClI,0,1,0,1,0,0.3,0,2.7,1.562
MAFACsPbSnBrClI,0,1,0,0,1,0,0,3,1.31
MAFACsPbSnBrClI,0.83,0.17,0,1,0,0,0,3,1.535
MAFACsPbSnBrClI,0,0.85,0.15,1,0,1.2,0,1.8,1.82
MAFACsPbSnBrClI,0,0.9,0.1,0.25,0.75,0,0,3,1.27
MAFACsPbSnBrClI,0.83,0.17,0,1,0,0.489,0,2.511,1.615
MAFACsPbSnBrClI,0.9,0,0.1,1,0,3,0,0,2.277
MAFACsPbSnBrClI,0.7885,0.1615,0.05,1,0,0.3,0,2.7,1.565
MAFACsPbSnBrClI,0.83,0.07,0.1,1,0,0.51,0,2.49,1.63
MAFACsPbSnBrClI,0.83,0.17,0,1,0,0.471,0,2.529,1.61
MAFACsPbSnBrClI,0.93,0,0.07,1,0,0,0,3,1.537
MAFACsPbSnBrClI,0,1,0,1,0,0.45,0,2.55,1.6
MAFACsPbSnBrClI,0.75,0,0.25,1,0,0.6,0,2.4,1.694
MAFACsPbSnBrClI,1,0,0,0.9,0.1,0,0,3,1.43
MAFACsPbSnBrClI,0,1,0,1,0,0.399,0,2.601,1.677
MAFACsPbSnBrClI,0.9,0.1,0,1,0,0.099,0,2.901,1.562
MAFACsPbSnBrClI,0,1,0,0.3,0.7,0,0,3,1.17
MAFACsPbSnBrClI,1,0,0,1,0,0,3,0,3
MAFACsPbSnBrClI,0,1,0,1,0,0,3,0,3.16
MAFACsPbSnBrClI,0.83,0,0.17,0.7,0.3,0,0,3,1.318
MAFACsPbSnBrClI,0.83,0.05,0.12,1,0,1.2,0,1.8,1.74
MAFACsPbSnBrClI,0.9,0.1,0,1,0,0,0,3,1.532
MAFACsPbSnBrClI,0,0,1,1,0,2.1,0.9,0,2.45
MAFACsPbSnBrClI,0.7,0.3,0,0.7,0.3,0,0,3,1.26
MAFACsPbSnBrClI,0.6,0,0.4,1,0,0.768,0,2.232,1.65
MAFACsPbSnBrClI,0,1,0,1,0,0.081,0,2.919,1.61
MAFACsPbSnBrClI,0.83,0.17,0,1,0,3,0,0,2.278
MAFACsPbSnBrClI,0.83,0,0.17,0.5,0.5,0,0,3,1.26
MAFACsPbSnBrClI,0,1,0,0,1,1.8,0.201,0.999,1.87
MAFACsPbSnBrClI,0,1,0,0.4,0.6,0,0,3,1.27
MAFACsPbSnBrClI,0.75,0.15,0.1,1,0,0.999,0,2.001,1.73
MAFACsPbSnBrClI,0,0.9,0.1,1,0,0,0,3,1.606
MAFACsPbSnBrClI,0.85,0.15,0,1,0,0.45,0,2.55,1.6
MAFACsPbSnBrClI,0.8,0.16,0.04,1,0,0.501,0,2.499,1.633
MAFACsPbSnBrClI,0,1,0,1,0,1.8,1.2,0,2.69
MAFACsPbSnBrClI,0.8,0.16,0.04,1,0,0.489,0,2.511,1.617
MAFACsPbSnBrClI,0.7,0,0.3,1,0,0,0,3,1.58
MAFACsPbSnBrClI,0.9,0,0.1,1,0,0.6,0,2.4,1.61
MAFACsPbSnBrClI,0,1,0,1,0,2.85,0,0.15,2.23
MAFACsPbSnBrClI,0.65,0.35,0,1,0,0,0,3,1.52
MAFACsPbSnBrClI,0,1,0,1,0,0.18,0,2.82,1.604
MAFACsPbSnBrClI,0.85,0.15,0,1,0,0.501,0,2.499,1.625
MAFACsPbSnBrClI,0,1,0,0.75,0.25,2.7,0,0.3,1.99
MAFACsPbSnBrClI,0.79,0.16,0.05,1,0,0.3,0,2.7,1.57
MAFACsPbSnBrClI,1,0,0,0,1,0.24,0,2.76,1.47
MAFACsPbSnBrClI,0.75,0.15,0.1,1,0,0.51,0,2.49,1.63
MAFACsPbSnBrClI,0,1,0,1,0,2.13,0,0.87,2.033
MAFACsPbSnBrClI,0,1,0,0,1,1.5,0,1.5,1.62
MAFACsPbSnBrClI,0.6,0.3,0.1,1,0,0.768,0,2.232,1.7
MAFACsPbSnBrClI,0.85,0,0.15,1,0,2.1,0,0.9,2
MAFACsPbSnBrClI,0.925,0,0.075,0,1,0,0,3,1.36
MAFACsPbSnBrClI,0.85,0.15,0,1,0,0.45,0,2.55,1.583
MAFACsPbSnBrClI,0.17,0.83,0,1,0,0.999,0,2.001,1.764
MAFACsPbSnBrClI,0,1,0,1,0,0.501,0,2.499,1.654
MAFACsPbSnBrClI,0.66,0.14,0.2,1,0,0.501,0,2.499,1.6
MAFACsPbSnBrClI,0.79,0.16,0.05,0.664,0.336,0.519,0,2.481,1.38
MAFACsPbSnBrClI,0.915,0,0.085,1,0,0.45,0,2.55,1.625
MAFACsPbSnBrClI,0.83,0,0.17,1,0,0,0,3,1.54
MAFACsPbSnBrClI,0.79,0.16,0.05,1,0,0.501,0,2.499,1.63
MAFACsPbSnBrClI,0,0.95,0.05,1,0,1.2,0,1.8,1.82
MAFACsPbSnBrClI,0,1,0,0,1,1.2,0,1.8,1.6
MAFACsPbSnBrClI,0,0,1,0,1,0.6,0,2.4,1.4
MAFACsPbSnBrClI,0.1,0.9,0,0.9,0.1,0,0,3,1.44
MAFACsPbSnBrClI,0.2,0.8,0,1,0,0,0,3,1.556
MAFACsPbSnBrClI,0.733,0.133,0.133,1,0,0.768,0,2.232,1.71
MAFACsPbSnBrClI,0.6,0.4,0,0.4,0.6,0.48,0,2.52,1.32
MAFACsPbSnBrClI,0.76,0.09,0.15,1,0,0.03,0,2.97,1.599
MAFACsPbSnBrClI,0.765,0.135,0.1,1,0,0.45,0,2.55,1.611
MAFACsPbSnBrClI,1,0,0,0,1,0.75,0,2.25,1.63
MAFACsPbSnBrClI,0.5,0.5,0,1,0,3,0,0,2.28
MAFACsPbSnBrClI,0,1,0,1,0,0.03,0,2.97,1.6
MAFACsPbSnBrClI,0.925,0,0.075,1,0,0,0,3,1.51
MAFACsPbSnBrClI,0.95,0,0.05,1,0,0,0,3,1.554
MAFACsPbSnBrClI,0,1,0,0,1,0.999,0,2.001,1.503
MAFACsPbSnBrClI,0.6,0.4,0,1,0,0.399,0,2.601,1.58
MAFACsPbSnBrClI,0.83,0.12,0.05,1,0,0.489,0,2.511,1.6
MAFACsPbSnBrClI,0,1,0,0.65,0.35,0,0,3,1.25
MAFACsPbSnBrClI,0.79,0.16,0.05,0.748,0.252,0.519,0,2.481,1.38
MAFACsPbSnBrClI,0.75,0.15,0.1,1,0,0.51,0,2.49,1.61
MAFACsPbSnBrClI,0.9,0,0.1,1,0,0.9,0,2.1,1.7
MAFACsPbSnBrClI,0,0,1,0.3,0.7,0,0,3,1.29
MAFACsPbSnBrClI,0,1,0,1,0,0.6,2.4,0,2.98
MAFACsPbSnBrClI,0.83,0.17,0,1,0,1.2,0,1.8,1.72
MAFACsPbSnBrClI,0,1,0,0.38,0.62,0,0,3,1.22
MAFACsPbSnBrClI,0,1,0,1,0,0.081,0,2.919,1.6
MAFACsPbSnBrClI,0.85,0,0.15,1,0,0.3,0,2.7,1.56
MAFACsPbSnBrClI,0,1,0,0.95,0.05,0,0,3,1.5
MAFACsPbSnBrClI,0.55,0.37,0.08,1,0,0,0,3,1.53
MAFACsPbSnBrClI,0.5,0,0.5,1,0,0.51,0,2.49,1.62
MAFACsPbSnBrClI,0.39,0.6,0.01,1,0,0.024,0,2.976,1.6
MAFACsPbSnBrClI,0,1,0,0.625,0.375,0,0,3,1.25
MAFACsPbSnBrClI,0,1,0,1,0,2.49,0.51,0,2.46
MAFACsPbSnBrClI,1,0,0,0.7,0.3,0,0,3,1.337
MAFACsPbSnBrClI,0,1,0,1,0,0.225,0,2.775,1.62
MAFACsPbSnBrClI,0.25,0.75,0,0,1,0,0,3,1.311
MAFACsPbSnBrClI,0.83,0.12,0.05,1,0,0.39,0,2.61,1.6
MAFACsPbSnBrClI,0,1,0,0.75,0.25,1.5,0,1.5,1.65
MAFACsPbSnBrClI,0,1,0,1,0,0.699,0,2.301,1.68
MAFACsPbSnBrClI,0,0,1,1,0,0,3,0,3
MAFACsPbSnBrClI,0.79,0.16,0.05,1,0,0.501,0,2.499,1.565
MAFACsPbSnBrClI,0.25,0.75,0,1,0,0,0,3,1.54
MAFACsPbSnBrClI,0,0.9,0.1,0.75,0.25,0,0,3,1.39
MAFACsPbSnBrClI,0,1,0,0.9,0.1,0,0,3,1.5
MAFACsPbSnBrClI,0.85,0.1,0.05,1,0,0.45,0,2.55,1.59
MAFACsPbSnBrClI,0.1,0.9,0,1,0,0,0,3,1.553
MAFACsPbSnBrClI,0,1,0,1,0,0,0,3,1.566
MAFACsPbSnBrClI,0,1,0,0.5,0.5,1.2,0,1.8,1.48
MAFACsPbSnBrClI,0,1,0,0,1,1.5,0.501,0.999,1.97
MAFACsPbSnBrClI,0,1,0,0.6,0.4,0,0,3,1.39
MAFACsPbSnBrClI,0.7,0.3,0,1,0,0.768,0,2.232,1.71
MAFACsPbSnBrClI,0.7,0.3,0,1,0,0.099,0,2.901,1.58
MAFACsPbSnBrClI,0.7,0.3,0,1,0,0.9,0,2.1,1.71
MAFACsPbSnBrClI,0,1,0,1,0,2.7,0.3,0,2.19
MAFACsPbSnBrClI,0.5,0.5,0,1,0,0.501,0,2.499,1.612
MAFACsPbSnBrClI,0.4,0.1,0.5,1,0,0.51,0,2.49,1.7
MAFACsPbSnBrClI,0.33,0.67,0,1,0,3,0,0,2.288
MAFACsPbSnBrClI,0,1,0,1,0,1.251,0,1.749,1.76
MAFACsPbSnBrClI,1,0,0,0,1,0,0,3,1.4
MAFACsPbSnBrClI,0,0.7,0.3,1,0,0,0,3,1.58
MAFACsPbSnBrClI,0.75,0,0.25,1,0,0.9,0,2.1,1.73
MAFACsPbSnBrClI,0.8,0,0.2,1,0,1.2,0,1.8,1.803
MAFACsPbSnBrClI,0,0.8,0.2,1,0,0,0,3,1.62
MAFACsPbSnBrClI,1,0,0,0.375,0.625,0,0,3,1.21
MAFACsPbSnBrClI,0.2,0.5,0.3,1,0,0,0,3,1.64
MAFACsPbSnBrClI,1,0,0,0,1,0.999,0,2.001,1.571
MAFACsPbSnBrClI,0,1,0,1,0,1.08,1.92,0,2.81
MAFACsPbSnBrClI,0,1,0,1,0,0.87,0,2.13,1.715
MAFACsPbSnBrClI,0,1,0,1,0,0.999,0,2.001,1.6
MAFACsPbSnBrClI,0,1,0,1,0,3,0,0,2.3
MAFACsPbSnBrClI,0.93,0,0.07,1,0,0.15,0,2.85,1.62
MAFACsPbSnBrClI,0.664,0.136,0.2,1,0,1.05,0,1.95,1.77
MAFACsPbSnBrClI,0.76,0.19,0.05,1,0,0.6,0,2.4,1.59
MAFACsPbSnBrClI,1,0,0,1,0,2.1,0.9,0,2.44
MAFACsPbSnBrClI,0,0,1,1,0,2.901,0,0.099,2.38
MAFACsPbSnBrClI,0.55,0,0.45,1,0,0.15,0,2.85,1.62
MAFACsPbSnBrClI,0.81,0.09,0.1,1,0,0.03,0,2.97,1.6
MAFACsPbSnBrClI,0.79,0.15,0.06,1,0,1.8,0,1.2,1.805
MAFACsPbSnBrClI,0.7885,0.1615,0.05,1,0,0.3,0,2.7,1.55
MAFACsPbSnBrClI,0.85,0,0.15,1,0,0.81,0,2.19,1.72
MAFACsPbSnBrClI,0.79,0.16,0.05,1,0,0.48,0,2.52,1.582
MAFACsPbSnBrClI,0.66,0.14,0.2,0.25,0.75,0.501,0,2.499,1.28
MAFACsPbSnBrClI,0.8,0.2,0,1,0,0.285,0,2.715,1.61
MAFACsPbSnBrClI,0,0,1,0.1,0.9,0,0,3,1.22
MAFACsPbSnBrClI,0.75,0.15,0.1,0.25,0.75,0.501,0,2.499,1.29
MAFACsPbSnBrClI,0.75,0.25,0,1,0,0.51,0,2.49,1.65
MAFACsPbSnBrClI,0.3,0.7,0,1,0,0.45,0,2.55,1.66
MAFACsPbSnBrClI,0.12,0,0.88,1,0,0,0,3,1.51
MAFACsPbSnBrClI,0.5,0.5,0,1,0,1.5,0,1.5,1.833
MAFACsPbSnBrClI,0.36,0.54,0.1,1,0,0.201,0,2.799,1.59
MAFACsPbSnBrClI,0.85,0,0.15,0,1,0,0,3,1.35
MAFACsPbSnBrClI,1,0,0,1,0,2.43,0.57,0,2.36
MAFACsPbSnBrClI,0.75,0,0.25,0,1,0,0,3,1.29
MAFACsPbSnBrClI,1,0,0,0,1,0.501,0,2.499,1.53
MAFACsPbSnBrClI,0.78,0.13,0.05,1,0,0.45,0,2.55,1.6
MAFACsPbSnBrClI,0.75,0.15,0.1,1,0,0.501,0,2.499,1.63
MAFACsPbSnBrClI,0,1,0,1,0,2.16,0,0.84,2.01
MAFACsPbSnBrClI,0,0,1,1,0,0.999,0,2.001,1.916
MAFACsPbSnBrClI,1,0,0,1,0,2.25,0.75,0,2.39
MAFACsPbSnBrClI,0.83,0,0.17,0.6,0.4,0,0,3,1.275
MAFACsPbSnBrClI,0.76,0.16,0.08,1,0,0.51,0,2.49,1.62
MAFACsPbSnBrClI,0.75,0.1,0.15,1,0,0,0,3,1.554
MAFACsPbSnBrClI,0.81,0.14,0.05,1,0,0.39,0,2.61,1.59
MAFACsPbSnBrClI,0.85,0,0.15,1,0,0.87,0,2.13,1.72
MAFACsPbSnBrClI,0.5,0.5,0,1,0,0.999,0,2.001,1.751
MAFACsPbSnBrClI,0,1,0,0.75,0.25,0.6,0,2.4,1.48
MAFACsPbSnBrClI,0.68,0.26,0.05,0.75,0.25,0.399,0,2.601,1.36
MAFACsPbSnBrClI,0.79,0.16,0.05,1,0,0.999,0,2.001,1.61
MAFACsPbSnBrClI,0.88,0.12,0,1,0,0,0,3,1.53
MAFACsPbSnBrClI,0.81,0.19,0,1,0,0.54,0,2.46,1.62
MAFACsPbSnBrClI,0,1,0,1,0,0.15,0,2.85,1.57
MAFACsPbSnBrClI,0.75,0.25,0,0,1,0,0,3,1.354
MAFACsPbSnBrClI,0.83,0,0.17,1,0,0.81,0,2.19,1.7
MAFACsPbSnBrClI,0.67,0.33,0,1,0,0.501,0,2.499,1.638
MAFACsPbSnBrClI,0.2,0.8,0,1,0,0.3,0,2.7,1.59
MAFACsPbSnBrClI,0.83,0,0.17,1,0,0.801,0,2.199,1.72
MAFACsPbSnBrClI,0.83,0.17,0,1,0,0.519,0,2.481,1.64
MAFACsPbSnBrClI,1,0,0,1,0,3,0,0,2.268
MAFACsPbSnBrClI,0,1,0,1,0,2.499,0,0.501,2.161
MAFACsPbSnBrClI,1,0,0,0.875,0.125,0,0,3,1.33
MAFACsPbSnBrClI,0.17,0.83,0,1,0,0.501,0,2.499,1.625
MAFACsPbSnBrClI,0.8,0.2,0,1,0,0.201,0,2.799,1.53
MAFACsPbSnBrClI,0.92,0.08,0,1,0,0.24,0,2.76,1.56
MAFACsPbSnBrClI,0.4,0.6,0,1,0,0.6,0,2.4,1.68
MAFACsPbSnBrClI,0,1,0,1,0,0.87,2.13,0,2.88
MAFACsPbSnBrClI,0.3,0.7,0,1,0,0,0,3,1.55
MAFACsPbSnBrClI,0.82,0.14,0.04,1,0,0.42,0,2.58,1.58
MAFACsPbSnBrClI,0.66,0.14,0.2,0,1,0.501,0,2.499,1.42
MAFACsPbSnBrClI,0.79,0.16,0.05,0.25,0.75,0.501,0,2.499,1.3
MAFACsPbSnBrClI,0.7,0.3,0,1,0,0.285,0,2.715,1.63
MAFACsPbSnBrClI,0.85,0.15,0,1,0,0.21,0,2.79,1.56
MAFACsPbSnBrClI,0.79,0.16,0.05,0.16,0.84,0.519,0,2.481,1.38
MAFACsPbSnBrClI,0.4,0.6,0,1,0,0.201,0,2.799,1.56
MAFACsPbSnBrClI,0,0,1,0,1,0.99,2.01,0,2.1
MAFACsPbSnBrClI,0,1,0,0.4,0.6,1.5,0,1.5,1.27
MAFACsPbSnBrClI,0.8,0.2,0,1,0,0.6,0,2.4,1.5
MAFACsPbSnBrClI,0.6,0,0.4,1,0,0.285,0,2.715,1.61
MAFACsPbSnBrClI,0.85,0.15,0,1,0,0.501,0,2.499,1.65
MAFACsPbSnBrClI,0.83,0.03,0.14,1,0,0.51,0,2.49,1.63
MAFACsPbSnBrClI,0.75,0.15,0.1,1,0,0.501,0,2.499,1.61
MAFACsPbSnBrClI,0,1,0,1,0,0.03,0,2.97,1.6
MAFACsPbSnBrClI,0,1,0,1,0,1.401,0,1.599,1.791
MAFACsPbSnBrClI,0.75,0.25,0,1,0,0,0,3,1.53
MAFACsPbSnBrClI,0.6,0.4,0,0.4,0.6,0,0,3,1.249
MAFACsPbSnBrClI,0.83,0.17,0,1,0,0.51,0,2.49,1.62
MAFACsPbSnBrClI,0.666,0.2668,0.0664,1,0,0.285,0,2.715,1.63
MAFACsPbSnBrClI,0.83,0,0.17,1,0,0.75,0,2.25,1.715
MAFACsPbSnBrClI,0.2,0.7,0.1,1,0,0,0,3,1.62
MAFACsPbSnBrClI,1,0,0,0.75,0.25,0,0,3,1.393
MAFACsPbSnBrClI,0,1,0,0.7,0.3,0,0,3,1.278
MAFACsPbSnBrClI,0.788,0.162,0.05,1,0,0.51,0,2.49,1.59
MAFACsPbSnBrClI,0.2,0.4,0.4,1,0,0,0,3,1.64
MAFACsPbSnBrClI,0.66,0.14,0.2,0.5,0.5,0.501,0,2.499,1.31
MAFACsPbSnBrClI,0.65,0.3,0.05,1,0,0.15,0,2.85,1.55
MAFACsPbSnBrClI,0,1,0,1,0,1.74,0,1.26,1.924
MAFACsPbSnBrClI,0.79,0.16,0.05,1,0,0.51,0,2.49,1.63
MAFACsPbSnBrClI,0.5,0.5,0,0,1,0,0,3,1.38
MAFACsPbSnBrClI,0.83,0.17,0,1,0,0.501,0,2.499,1.622
MAFACsPbSnBrClI,0.6,0.4,0,1,0,0,0,3,1.54
MAFACsPbSnBrClI,0,1,0,0.375,0.625,0,0,3,1.2
MAFACsPbSnBrClI,0,0.9,0.1,1,0,1.2,0,1.8,1.82
MAFACsPbSnBrClI,0.75,0.05,0.2,1,0,0.51,0,2.49,1.63
MAFACsPbSnBrClI,0.8,0,0.2,1,0,1.05,0,1.95,1.76
MAFACsPbSnBrClI,0,1,0,1,0,0.801,0,2.199,1.75
MAFACsPbSnBrClI,0.33,0.67,0,1,0,1.5,0,1.5,1.855
MAFACsPbSnBrClI,0,0.9,0.1,1,0,0.999,0,2.001,1.77
MAFACsPbSnBrClI,1,0,0,0,1,0,0,3,1.4
MAFACsPbSnBrClI,0,0,1,1,0,2.799,0,0.201,2.35
MAFACsPbSnBrClI,1,0,0,1,0,2.001,0,0.999,1.969
MAFACsPbSnBrClI,0,1,0,1,0,2.01,0.99,0,2.57
MAFACsPbSnBrClI,0.4,0.6,0,1,0,0.099,0,2.901,1.55
MAFACsPbSnBrClI,1,0,0,0.4,0.6,0,0,3,1.29
MAFACsPbSnBrClI,0.3,0.7,0,1,0,0.6,0,2.4,1.69
MAFACsPbSnBrClI,0,1,0,0.4,0.6,0.399,0,2.601,1.26
MAFACsPbSnBrClI,0,0.9,0.1,0.5,0.5,0,0,3,1.29
MAFACsPbSnBrClI,0,1,0,1,0,0.201,0,2.799,1.62
MAFACsPbSnBrClI,0,1,0,0.75,0.25,0.3,0,2.7,1.43
MAFACsPbSnBrClI,0,1,0,0.125,0.875,0,0,3,1.18
MAFACsPbSnBrClI,0.6,0.1,0.3,1,0,0.768,0,2.232,1.72
MAFACsPbSnBrClI,0.8,0,0.2,0.5,0.5,0,0,3,1.31
MAFACsPbSnBrClI,0,1,0,0.2,0.8,0.399,0,2.601,1.26
MAFACsPbSnBrClI,0.83,0,0.17,0.3,0.7,0,0,3,1.25
MAFACsPbSnBrClI,0.825,0.15,0.025,1,0,0.45,0,2.55,1.651
MAFACsPbSnBrClI,0.2,0,0.8,1,0,0.6,0,2.4,1.603
MAFACsPbSnBrClI,0.85,0.1,0.05,1,0,0.03,0,2.97,1.598
MAFACsPbSnBrClI,0,1,0,1,0,3,0,0,2.11
MAFACsPbSnBrClI,0.975,0.025,0,1,0,0,0,3,1.48
MAFACsPbSnBrClI,0.666,0.0664,0.2668,1,0,0.285,0,2.715,1.65
MAFACsPbSnBrClI,0,1,0,1,0,0.21,2.79,0,3.13
MAFACsPbSnBrClI,0,0,1,0.9,0.1,2.001,0,0.999,1.79
MAFACsPbSnBrClI,0.83,0,0.17,0.9,0.1,0,0,3,1.44
MAFACsPbSnBrClI,0,1,0,1,0,1.68,1.32,0,2.68
MAFACsPbSnBrClI,0.8,0.04,0.16,1,0,1.83,0,1.17,1.91
MAFACsPbSnBrClI,0,1,0,1,0,2.4,0.6,0,2.55
MAFACsPbSnBrClI,0.75,0.15,0.1,0.5,0.5,0.501,0,2.499,1.31
MAFACsPbSnBrClI,0.77,0.16,0.07,1,0,0.501,0,2.499,1.639
MAFACsPbSnBrClI,0,1,0,0.5,0.5,0,0,3,1.231
MAFACsPbSnBrClI,0.5,0.5,0,1,0,0,0,3,1.576
MAFACsPbSnBrClI,0.85,0.1,0.05,1,0,3,0,0,2.28
MAFACsPbSnBrClI,0.79,0.16,0.05,1,0,0.48,0,2.52,1.6
MAFACsPbSnBrClI,0,1,0,1,0,0.78,0,2.22,1.69
MAFACsPbSnBrClI,0,1,0,1,0,1.2,1.8,0,2.84
MAFACsPbSnBrClI,0,1,0,1,0,0.93,2.07,0,2.84
MAFACsPbSnBrClI,0.75,0,0.25,0.5,0.5,0,0,3,1.236
MAFACsPbSnBrClI,0.75,0.25,0,0.75,0.25,0,0,3,1.33
MAFACsPbSnBrClI,0,1,0,0.4,0.6,0.6,0,2.4,1.24
MAFACsPbSnBrClI,0.67,0.33,0,1,0,3,0,0,2.28
MAFACsPbSnBrClI,0.1,0.9,0,1,0,2.7,0,0.3,2.14
MAFACsPbSnBrClI,0,0.9,0.1,0.7,0.3,0,0,3,1.39
MAFACsPbSnBrClI,0.67,0.33,0,1,0,1.5,0,1.5,1.848
MAFACsPbSnBrClI,0,0.2,0.8,1,0,0,0,3,1.72
MAFACsPbSnBrClI,0,1,0,1,0,1.26,0,1.74,1.9
MAFACsPbSnBrClI,0,1,0,1,0,0,3,0,3.04
MAFACsPbSnBrClI,0.83,0.17,0,1,0,0.03,0,2.97,1.6
MAFACsPbSnBrClI,0.75,0,0.25,0.37,0.63,0,0,3,1.24
MAFACsPbSnBrClI,0.75,0.25,0,1,0,0.75,0,2.25,1.61
MAFACsPbSnBrClI,0.6,0.4,0,1,0,0.285,0,2.715,1.64
MAFACsPbSnBrClI,0.67,0.33,0,1,0,0.999,0,2.001,1.682
MAFACsPbSnBrClI,0,1,0,1,0,1.32,1.68,0,2.79
MAFACsPbSnBrClI,0,0,1,1,0,0,0,3,1.73
MAFACsPbSnBrClI,0,1,0,0.1,0.9,0,0,3,1.18
MAFACsPbSnBrClI,0.25,0.75,0,0.75,0.25,0,0,3,1.331
MAFACsPbSnBrClI,0.79,0.15,0.06,1,0,0.45,0,2.55,1.593
MAFACsPbSnBrClI,0.6,0.1,0.3,1,0,0.285,0,2.715,1.65
MAFACsPbSnBrClI,0,1,0,1,0,1.701,0,1.299,1.94
MAFACsPbSnBrClI,0,1,0,1,0,0.999,0,2.001,1.8
MAFACsPbSnBrClI,0.8,0,0.2,1,0,0,0,3,1.571
MAFACsPbSnBrClI,0.7,0,0.3,0.7,0.3,0,0,3,1.3
MAFACsPbSnBrClI,0.9,0,0.1,1,0,0.285,0,2.715,1.56
MAFACsPbSnBrClI,0,0,1,1,0,1.8,1.2,0,2.47
MAFACsPbSnBrClI,0.05,0.95,0,1,0,0,0,3,1.502
MAFACsPbSnBrClI,0.83,0,0.17,0.4,0.6,0,0,3,1.25
MAFACsPbSnBrClI,0,1,0,0.75,0.25,0,0,3,1.24
MAFACsPbSnBrClI,0.96,0.04,0,1,0,0.12,0,2.88,1.48
MAFACsPbSnBrClI,0,1,0,1,0,0.111,0,2.889,1.585
MAFACsPbSnBrClI,0,1,0,0,1,2.64,0,0.36,1.83
MAFACsPbSnBrClI,0.79,0.16,0.05,1,0,0.3,0,2.7,1.55
MAFACsPbSnBrClI,0.9,0.1,0,1,0,0.3,0,2.7,1.5
MAFACsPbSnBrClI,0.8,0.2,0,1,0,0.768,0,2.232,1.72
MAFACsPbSnBrClI,0,1,0,1,0,0.141,0,2.859,1.591
MAFACsPbSnBrClI,0.83,0,0.17,1,0,0.999,0,2.001,1.643
MAFACsPbSnBrClI,0,1,0,1,0,0.339,0,2.661,1.65
MAFACsPbSnBrClI,0.3,0.7,0,1,0,0.3,0,2.7,1.58
MAFACsPbSnBrClI,0.9,0.1,0,1,0,0.285,0,2.715,1.61
MAFACsPbSnBrClI,0,1,0,0.6,0.4,0.399,0,2.601,1.26
MAFACsPbSnBrClI,0.33,0.67,0,1,0,2.499,0,0.501,2.139
MAFACsPbSnBrClI,0.6,0.3,0.1,1,0,0.285,0,2.715,1.64
MAFACsPbSnBrClI,0.6,0.4,0,0.4,0.6,0.24,0,2.76,1.28
MAFACsPbSnBrClI,0.8,0.15,0.05,1,0,0.15,0,2.85,1.622
MAFACsPbSnBrClI,0,0.4,0.6,1,0,0,0,3,1.68
MAFACsPbSnBrClI,0.79,0.16,0.05,1,0,0.51,0,2.49,1.59
MAFACsPbSnBrClI,0,0.97,0.03,1,0,0.09,0,2.91,1.6
MAFACsPbSnBrClI,0.79,0.16,0.05,0,1,0.501,0,2.499,1.45
MAFACsPbSnBrClI,0.92,0,0.08,1,0,0,0,3,1.51
MAFACsPbSnBrClI,0.666,0.2668,0.0664,1,0,0.768,0,2.232,1.71
MAFACsPbSnBrClI,0,1,0,1,0,0.561,0,2.439,1.68
MAFACsPbSnBrClI,0.75,0.25,0,1,0,0.45,0,2.55,1.62
MAFACsPbSnBrClI,0.65,0.2,0.15,1,0,0.6,0,2.4,1.68
MAFACsPbSnBrClI,0.8668,0.0664,0.066,1,0,0.768,0,2.232,1.7
MAFACsPbSnBrClI,0.6,0.4,0,0.4,0.6,0,0,3,1.25
MAFACsPbSnBrClI,1,0,0,1,0,0.15,0,2.85,1.62
MAFACsPbSnBrClI,0,0,1,1,0,0.999,0,2.001,1.91
MAFACsPbSnBrClI,0.5,0.5,0,0.75,0.25,0,0,3,1.33
MAFACsPbSnBrClI,0.85,0,0.15,0.375,0.625,0,0,3,1.24
MAFACsPbSnBrClI,0.72,0.08,0.2,1,0,0.03,0,2.97,1.62
MAFACsPbSnBrClI,0,0,1,0,1,3,0,0,1.791
MAFACsPbSnBrClI,0.4,0.6,0,1,0,0,0,3,1.541
MAFACsPbSnBrClI,0.7885,0.1615,0.05,1,0,0.51,0,2.49,1.576
MAFACsPbSnBrClI,0.8,0,0.2,1,0,0.75,0,2.25,1.67
MAFACsPbSnBrClI,0.87,0.13,0,1,0,0,0,3,1.5
MAFACsPbSnBrClI,0,1,0,0,1,0.6,0,2.4,1.36
MAFACsPbSnBrClI,0,1,0,0.7,0.3,0,0,3,1.285
MAFACsPbSnBrClI,0.02,0.98,0,1,0,0,0,3,1.51
MAFACsPbSnBrClI,0.92,0.08,0,1,0,0,0,3,1.55
MAFACsPbSnBrClI,0.83,0,0.17,1,0,0.51,0,2.49,1.623
MAFACsPbSnBrClI,0.83,0.17,0,1,0,0.999,0,2.001,1.684
MAFACsPbSnBrClI,0.33,0.67,0,1,0,0.999,0,2.001,1.757
MAFACsPbSnBrClI,0.5,0.5,0,1,0,2.001,0,0.999,1.957
MAFACsPbSnBrClI,0,1,0,0,1,2.001,0,0.999,1.77
MAFACsPbSnBrClI,0.81,0.14,0.05,1,0,0.42,0,2.58,1.61
MAFACsPbSnBrClI,0,1,0,1,0,0.66,0,2.34,1.58
MAFACsPbSnBrClI,0.75,0,0.25,1,0,0.3,0,2.7,1.57
MAFACsPbSnBrClI,0,1,0,1,0,1.5,1.5,0,2.75
HydPbI2Cl,1,0,0,1,1,1,1,1,3.7
MA0.95GA0.05PbI3,0.95,0.05,0,1,1,1,1,1,1.59
MA0.9GA0.1PbI3,0.9,0.1,0,1,1,1,1,1,1.59
MA0.85GA0.15PbI3,0.85,0.15,0,1,1,1,1,1,1.59
MA0.8GA0.2PbI3,0.8,0.2,0,1,1,1,1,1,1.59
MA0.8Hz0.2SnI3,0.8,0.2,0,1,1,1,1,1,1.3
MA0.90DMA0.10SnBr3,0.9,0.1,0,1,1,1,1,1,2.11
MA0.85DMA0.15SnBr3,0.85,0.15,0,1,1,1,1,1,2.14
MA0.70DMA0.30SnBr3,0.7,0.3,0,1,1,1,1,1,2.33
MA0.60DMA0.40SnBr3,0.6,0.4,0,1,1,1,1,1,2.44
MA0.40DMA0.60SnBr3,0.4,0.6,0,1,1,1,1,1,2.56
GuaPbI2Cl,1,0,0,1,1,1,1,1,2.06
FA0.75MA0.25SnI3,0.75,0.25,0,1,1,1,1,1,1.4
FA0.75MA0.25Sn0.95Ge0.05I3,0.75,0.25,0,0.95,0.05,1,1,1,1.4
FA0.75MA0.25Sn0.90Ge0.10I3,0.75,0.25,0,0.9,0.1,1,1,1,1.42
FA0.75MA0.25Sn0.8Ge0.2I3,0.75,0.25,0,0.8,0.2,1,1,1,1.53
MA0.8ACA0.2PbI3,0.8,0.2,0,1,1,1,1,1,1.58
MA0.9ACA0.1PbI3,0.9,0.1,0,1,1,1,1,1,1.58
DMA0.1FA0.6Cs0.3PbI2.4Br0.6,0.1,0.6,0.3,1,1,2.4,0.6,0,1.73
FA0.33GA0.19Cs0.47PbI1.98Br1.02,0.33,0.19,0.48,1,1,1.98,0,1.02,1.84
FA0.58GA0.1Cs0.32PbI1.98Br1.02,0.58,0.1,0.32,1,1,1.02,1.98,0,1.75
AzPbI2Cl,1,0,0,1,1,1,1,1,2.018
MAPbI2.6Cl0.4,0,1,0,1,1,2.6,0,0.4,1.63823
MA0.95IM0.05PbI2.6Cl0.4,0,0.05,0.95,1,1,0,0.4,2.6,1.63268
MA0.9IM0.1PbI2.6Cl0.4,0.9,0.1,0,1,1,0,2.6,0.4,1.63266
MA0.75IM0.25PbI2.6Cl0.4,0,0.25,0.75,1,1,0.4,0,2.6,1.63131
MA0.66EA0.33PbBr3,0.66,0.33,0,1,1,1,1,1,2.29
Ethylammonium Germanium Fluoride,1,0,0,0,1,1,1,1,4.560533333
Propylammonium Germanium Fluoride,0,1,0,1,0,1,1,1,4.5510125
Butylammonium Germanium Fluoride,0,0,1,0,1,1,1,1,4.7092
Isopropylammonium Germanium Fluoride,0,1,0,1,0,1,1,1,4.960077778
Dimethylammonium Germanium Fluoride,1,0,0,0,1,1,1,1,4.5091
Acetamidinium Germanium Fluoride,0,1,0,1,0,1,1,1,4.026366667
Methylammonium Germanium Fluoride,0,0,1,0,1,1,1,1,3.9562
Guanidinium Germanium Fluoride,0,1,0,1,0,1,1,1,4.3617
Hydroxylammonium Germanium Fluoride,1,0,0,0,1,1,1,1,4.387157143
Formamidinium Germanium Fluoride,0,1,0,1,0,1,1,1,3.6069
Tetramethylammonium Germanium Fluoride,0,0,1,0,1,1,1,1,4.91785
Hydrazinium Germanium Fluoride,0,1,0,1,0,1,1,1,4.2959625
Ammonium Germanium Fluoride,1,0,0,0,1,1,1,1,4.1935
Trimethylammonium Germanium Fluoride,0,1,0,1,0,1,1,1,4.848685714
Azetidinium Germanium Fluoride,0,0,1,0,1,1,1,1,4.329915385
Imidazolium Germanium Fluoride,0,1,0,1,0,1,1,1,3.706383333
Ethylammonium Germanium Chloride,1,0,0,0,1,1,1,1,3.1944
Propylammonium Germanium Chloride,0,1,0,1,0,1,1,1,3.29545
Butylammonium Germanium Chloride,0,0,1,0,1,1,1,1,3.462366667
Isopropylammonium Germanium Chloride,0,1,0,1,0,1,1,1,3.564214286
Dimethylammonium Germanium Chloride,1,0,0,0,1,1,1,1,3.2404
Acetamidinium Germanium Chloride,0,1,0,1,0,1,1,1,3.36318
Methylammonium Germanium Chloride,0,0,1,0,1,1,1,1,3.02224
Guanidinium Germanium Chloride,0,1,0,1,0,1,1,1,3.123666667
Hydroxylammonium Germanium Chloride,1,0,0,0,1,1,1,1,3.016871429
Formamidinium Germanium Chloride,0,1,0,1,0,1,1,1,2.9164
Tetramethylammonium Germanium Chloride,0,0,1,0,1,1,1,1,3.534533333
Hydrazinium Germanium Chloride,0,1,0,1,0,1,1,1,3.10273
Ammonium Germanium Chloride,1,0,0,0,1,1,1,1,2.8544
Trimethylammonium Germanium Chloride,0,1,0,1,0,1,1,1,3.465675
Azetidinium Germanium Chloride,0,0,1,0,1,1,1,1,3.237364286
Imidazolium Germanium Chloride,0,1,0,1,0,1,1,1,3.1843
Ethylammonium Germanium Bromide,1,0,0,0,1,1,1,1,2.649581818
Propylammonium Germanium Bromide,0,1,0,1,0,1,1,1,2.694338462
Butylammonium Germanium Bromide,0,0,1,0,1,1,1,1,2.830133333
Isopropylammonium Germanium Bromide,0,1,0,1,0,1,1,1,2.816933333
Dimethylammonium Germanium Bromide,1,0,0,0,1,1,1,1,2.659055556
Acetamidinium Germanium Bromide,0,1,0,1,0,1,1,1,2.66935
Methylammonium Germanium Bromide,0,0,1,0,1,1,1,1,2.332716667
Guanidinium Germanium Bromide,0,1,0,1,0,1,1,1,2.3976
Hydroxylammonium Germanium Bromide,1,0,0,0,1,1,1,1,2.383
Formamidinium Germanium Bromide,0,1,0,1,0,1,1,1,2.2667
Tetramethylammonium Germanium Bromide,0,0,1,0,1,1,1,1,2.809833333
Hydrazinium Germanium Bromide,0,1,0,1,0,1,1,1,2.465990909
Ammonium Germanium Bromide,1,0,0,0,1,1,1,1,2.607725
Trimethylammonium Germanium Bromide,0,1,0,1,0,1,1,1,2.870755556
Azetidinium Germanium Bromide,0,0,1,0,1,1,1,1,2.6739
Imidazolium Germanium Bromide,0,1,0,1,0,1,1,1,2.67635
Ethylammonium Germanium Iodide,1,0,0,0,1,1,1,1,2.110658333
Propylammonium Germanium Iodide,0,1,0,1,0,1,1,1,2.116233333
Butylammonium Germanium Iodide,0,0,1,0,1,1,1,1,2.10995
Isopropylammonium Germanium Iodide,0,1,0,1,0,1,1,1,2.21984
Dimethylammonium Germanium Iodide,1,0,0,0,1,1,1,1,2.0828375
Acetamidinium Germanium Iodide,0,1,0,1,0,1,1,1,2.098583333
Methylammonium Germanium Iodide,0,0,1,0,1,1,1,1,1.92505
Guanidinium Germanium Iodide,0,1,0,1,0,1,1,1,1.794766667
Hydroxylammonium Germanium Iodide,1,0,0,0,1,1,1,1,1.959757143
Formamidinium Germanium Iodide,0,1,0,1,0,1,1,1,1.8061
Tetramethylammonium Germanium Iodide,0,0,1,0,1,1,1,1,2.2249
Hydrazinium Germanium Iodide,0,1,0,1,0,1,1,1,1.920790909
Ammonium Germanium Iodide,1,0,0,0,1,1,1,1,2.205933333
Trimethylammonium Germanium Iodide,0,1,0,1,0,1,1,1,2.135755556
Azetidinium Germanium Iodide,0,0,1,0,1,1,1,1,2.107426667
Imidazolium Germanium Iodide,0,1,0,1,0,1,1,1,2.1206625
Ethylammonium Tin Fluoride,1,0,0,0,1,1,1,1,3.720518182
Propylammonium Tin Fluoride,0,1,0,1,0,1,1,1,3.92393
Butylammonium Tin Fluoride,0,0,1,0,1,1,1,1,4.163325
Isopropylammonium Tin Fluoride,0,1,0,1,0,1,1,1,4.181166667
Dimethylammonium Tin Fluoride,1,0,0,0,1,1,1,1,3.881322222
Acetamidinium Tin Fluoride,0,1,0,1,0,1,1,1,3.3683
Methylammonium Tin Fluoride,0,0,1,0,1,1,1,1,3.526333333
Guanidinium Tin Fluoride,0,1,0,1,0,1,1,1,3.7309
Hydroxylammonium Tin Fluoride,1,0,0,0,1,1,1,1,3.76648
Formamidinium Tin Fluoride,0,1,0,1,0,1,1,1,3.09505
Tetramethylammonium Tin Fluoride,0,0,1,0,1,1,1,1,4.4999
Hydrazinium Tin Fluoride,0,1,0,1,0,1,1,1,3.6717875
Ammonium Tin Fluoride,1,0,0,0,1,1,1,1,3.815766667
Trimethylammonium Tin Fluoride,0,1,0,1,0,1,1,1,4.079542857
Azetidinium Tin Fluoride,0,0,1,0,1,1,1,1,3.576678571
Imidazolium Tin Fluoride,0,1,0,1,0,1,1,1,3.220233333
Ethylammonium Tin Chloride,1,0,0,0,1,1,1,1,2.893872727
Propylammonium Tin Chloride,0,1,0,1,0,1,1,1,3.043214286
Butylammonium Tin Chloride,0,0,1,0,1,1,1,1,3.0619
Isopropylammonium Tin Chloride,0,1,0,1,0,1,1,1,3.1020375
Dimethylammonium Tin Chloride,1,0,0,0,1,1,1,1,2.9156375
Acetamidinium Tin Chloride,0,1,0,1,0,1,1,1,2.845483333
Methylammonium Tin Chloride,0,0,1,0,1,1,1,1,2.441183333
Guanidinium Tin Chloride,0,1,0,1,0,1,1,1,2.8579
Hydroxylammonium Tin Chloride,1,0,0,0,1,1,1,1,2.9394
Formamidinium Tin Chloride,0,1,0,1,0,1,1,1,2.401766667
Tetramethylammonium Tin Chloride,0,0,1,0,1,1,1,1,3.123066667
Hydrazinium Tin Chloride,0,1,0,1,0,1,1,1,2.819754545
Ammonium Tin Chloride,1,0,0,0,1,1,1,1,2.78015
Trimethylammonium Tin Chloride,0,1,0,1,0,1,1,1,3.02456
Azetidinium Tin Chloride,0,0,1,0,1,1,1,1,2.873741176
Imidazolium Tin Chloride,0,1,0,1,0,1,1,1,2.923925
Ethylammonium Tin Bromide,1,0,0,0,1,1,1,1,2.365516667
Propylammonium Tin Bromide,0,1,0,1,0,1,1,1,2.476076923
Butylammonium Tin Bromide,0,0,1,0,1,1,1,1,2.569533333
Isopropylammonium Tin Bromide,0,1,0,1,0,1,1,1,2.555
Dimethylammonium Tin Bromide,1,0,0,0,1,1,1,1,2.148142857
Acetamidinium Tin Bromide,0,1,0,1,0,1,1,1,2.343157143
Methylammonium Tin Bromide,0,0,1,0,1,1,1,1,2.00025
Guanidinium Tin Bromide,0,1,0,1,0,1,1,1,1.897
Hydroxylammonium Tin Bromide,1,0,0,0,1,1,1,1,2.366585714
Formamidinium Tin Bromide,0,1,0,1,0,1,1,1,1.7985
Tetramethylammonium Tin Bromide,0,0,1,0,1,1,1,1,2.4692
Hydrazinium Tin Bromide,0,1,0,1,0,1,1,1,2.195825
Ammonium Tin Bromide,1,0,0,0,1,1,1,1,2.3745
Trimethylammonium Tin Bromide,0,1,0,1,0,1,1,1,2.397645455
Azetidinium Tin Bromide,0,0,1,0,1,1,1,1,2.32353125
Imidazolium Tin Bromide,0,1,0,1,0,1,1,1,2.401342857
Ethylammonium Tin Iodide,1,0,0,0,1,1,1,1,1.910216667
Propylammonium Tin Iodide,0,1,0,1,0,1,1,1,1.919084615
Butylammonium Tin Iodide,0,0,1,0,1,1,1,1,2.022033333
Isopropylammonium Tin Iodide,0,1,0,1,0,1,1,1,1.96635
Dimethylammonium Tin Iodide,1,0,0,0,1,1,1,1,1.8157375
Acetamidinium Tin Iodide,0,1,0,1,0,1,1,1,1.792416667
Methylammonium Tin Iodide,0,0,1,0,1,1,1,1,1.619783333
Guanidinium Tin Iodide,0,1,0,1,0,1,1,1,1.4159
Hydroxylammonium Tin Iodide,1,0,0,0,1,1,1,1,1.734942857
Formamidinium Tin Iodide,0,1,0,1,0,1,1,1,1.5376
Tetramethylammonium Tin Iodide,0,0,1,0,1,1,1,1,1.9391
Hydrazinium Tin Iodide,0,1,0,1,0,1,1,1,1.725027273
Ammonium Tin Iodide,1,0,0,0,1,1,1,1,2.16695
Trimethylammonium Tin Iodide,0,1,0,1,0,1,1,1,1.818463636
Azetidinium Tin Iodide,0,0,1,0,1,1,1,1,1.89781875
Imidazolium Tin Iodide,0,1,0,1,0,1,1,1,1.8106
Ethylammonium Lead Fluoride,1,0,0,0,1,1,1,1,4.000325
Propylammonium Lead Fluoride,0,1,0,1,0,1,1,1,4.2668
Butylammonium Lead Fluoride,0,0,1,0,1,1,1,1,4.509
Isopropylammonium Lead Fluoride,0,1,0,1,0,1,1,1,4.447525
Dimethylammonium Lead Fluoride,1,0,0,0,1,1,1,1,4.2284
Acetamidinium Lead Fluoride,0,1,0,1,0,1,1,1,3.98928
Methylammonium Lead Fluoride,0,0,1,0,1,1,1,1,4.071383333
Guanidinium Lead Fluoride,0,1,0,1,0,1,1,1,4.16335
Hydroxylammonium Lead Fluoride,1,0,0,0,1,1,1,1,4.4032
Formamidinium Lead Fluoride,0,1,0,1,0,1,1,1,3.74955
Tetramethylammonium Lead Fluoride,0,0,1,0,1,1,1,1,4.9344
Hydrazinium Lead Fluoride,0,1,0,1,0,1,1,1,4.1405875
Ammonium Lead Fluoride,1,0,0,0,1,1,1,1,4.38095
Trimethylammonium Lead Fluoride,0,1,0,1,0,1,1,1,4.432533333
Azetidinium Lead Fluoride,0,0,1,0,1,1,1,1,3.972433333
Imidazolium Lead Fluoride,0,1,0,1,0,1,1,1,3.666533333
Ethylammonium Lead Chloride,1,0,0,0,1,1,1,1,3.185
Propylammonium Lead Chloride,0,1,0,1,0,1,1,1,3.242809091
Butylammonium Lead Chloride,0,0,1,0,1,1,1,1,3.0774
Isopropylammonium Lead Chloride,0,1,0,1,0,1,1,1,3.27422
Dimethylammonium Lead Chloride,1,0,0,0,1,1,1,1,2.954871429
Acetamidinium Lead Chloride,0,1,0,1,0,1,1,1,3.060783333
Methylammonium Lead Chloride,0,0,1,0,1,1,1,1,2.99834
Guanidinium Lead Chloride,0,1,0,1,0,1,1,1,2.7997
Hydroxylammonium Lead Chloride,1,0,0,0,1,1,1,1,3.353183333
Formamidinium Lead Chloride,0,1,0,1,0,1,1,1,2.7384
Tetramethylammonium Lead Chloride,0,0,1,0,1,1,1,1,3.1793
Hydrazinium Lead Chloride,0,1,0,1,0,1,1,1,3.304533333
Ammonium Lead Chloride,1,0,0,0,1,1,1,1,3.1678
Trimethylammonium Lead Chloride,0,1,0,1,0,1,1,1,3.068427273
Azetidinium Lead Chloride,0,0,1,0,1,1,1,1,2.882192308
Imidazolium Lead Chloride,0,1,0,1,0,1,1,1,3.1806
Ethylammonium Lead Bromide,1,0,0,0,1,1,1,1,2.61456
Propylammonium Lead Bromide,0,1,0,1,0,1,1,1,2.700772727
Butylammonium Lead Bromide,0,0,1,0,1,1,1,1,2.495425
Isopropylammonium Lead Bromide,0,1,0,1,0,1,1,1,2.697575
Dimethylammonium Lead Bromide,1,0,0,0,1,1,1,1,2.448557143
Acetamidinium Lead Bromide,0,1,0,1,0,1,1,1,2.452583333
Methylammonium Lead Bromide,0,0,1,0,1,1,1,1,2.4594
Guanidinium Lead Bromide,0,1,0,1,0,1,1,1,2.223766667
Hydroxylammonium Lead Bromide,1,0,0,0,1,1,1,1,2.761285714
Formamidinium Lead Bromide,0,1,0,1,0,1,1,1,2.223566667
Tetramethylammonium Lead Bromide,0,0,1,0,1,1,1,1,2.4796
Hydrazinium Lead Bromide,0,1,0,1,0,1,1,1,2.6043125
Ammonium Lead Bromide,1,0,0,0,1,1,1,1,2.754666667
Trimethylammonium Lead Bromide,0,1,0,1,0,1,1,1,2.434877778
Azetidinium Lead Bromide,0,0,1,0,1,1,1,1,2.497361538
Imidazolium Lead Bromide,0,1,0,1,0,1,1,1,2.42272
Ethylammonium Lead Iodide,1,0,0,0,1,1,1,1,2.065145455
Propylammonium Lead Iodide,0,1,0,1,0,1,1,1,2.073807692
Butylammonium Lead Iodide,0,0,1,0,1,1,1,1,2.0857
Isopropylammonium Lead Iodide,0,1,0,1,0,1,1,1,2.14426
Dimethylammonium Lead Iodide,1,0,0,0,1,1,1,1,1.969428571
Acetamidinium Lead Iodide,0,1,0,1,0,1,1,1,1.964583333
Methylammonium Lead Iodide,0,0,1,0,1,1,1,1,2.061733333
Guanidinium Lead Iodide,0,1,0,1,0,1,1,1,1.7973
Hydroxylammonium Lead Iodide,1,0,0,0,1,1,1,1,2.114
Formamidinium Lead Iodide,0,1,0,1,0,1,1,1,1.941766667
Tetramethylammonium Lead Iodide,0,0,1,0,1,1,1,1,1.9472
Hydrazinium Lead Iodide,0,1,0,1,0,1,1,1,2.054988889
Ammonium Lead Iodide,1,0,0,0,1,1,1,1,2.247666667
Trimethylammonium Lead Iodide,0,1,0,1,0,1,1,1,1.933858333
Azetidinium Lead Iodide,0,0,1,0,1,1,1,1,2.019833333
Imidazolium Lead Iodide,0,1,0,1,0,1,1,1,1.828883333
