A-site cation,B-site cation,X-site anion,A1,A2,A3,B1,B2,X1,X2,X3,Mean_Bg
MAFACs,PbSn,BrClI,0.83,0,0.17,1,0,0.6,0,2.4,1.61
MAFACs,PbSn,BrClI,0,0,1,1,0,1.5,1.5,0,2.49
MAFACs,PbSn,BrClI,0.72,0.15,0.13,1,0,0.501,0,2.499,1.63
MAFACs,PbSn,BrClI,0.75,0.15,0.1,0.75,0.25,0.501,0,2.499,1.36
MAFACs,PbSn,BrClI,0.8,0,0.2,0.25,0.75,0,0,3,1.2
MAFACs,PbSn,BrClI,0.37,0.6,0.03,1,0,0.024,0,2.976,1.6
MAFACs,PbSn,BrClI,0,1,0,0.75,0.25,1.8,0,1.2,1.73
MAFACs,PbSn,BrClI,0.66,0.34,0,1,0,0.42,0,2.58,1.62
MAFACs,PbSn,BrClI,0.78,0.16,0.06,1,0,0.51,0,2.49,1.63
MAFACs,PbSn,BrClI,0,1,0,1,0,0.075,0,2.925,1.613
MAFACs,PbSn,BrClI,0.73,0.2,0.07,1,0,0.471,0,2.529,1.6
MAFACs,PbSn,BrClI,0.83,0,0.17,0.8,0.2,0,0,3,1.35
MAFACs,PbSn,BrClI,0.75,0,0.25,1,0,0.51,0,2.49,1.63
MAFACs,PbSn,BrClI,0.8,0,0.2,1,0,0.6,0,2.4,1.48
MAFACs,PbSn,BrClI,0.85,0,0.15,1,0,0.12,0,2.88,1.6
MAFACs,PbSn,BrClI,0.8,0.15,0.05,1,0,0.45,0,2.55,1.606
MAFACs,PbSn,BrClI,0.82,0.18,0,1,0,0.531,0,2.46,1.64
MAFACs,PbSn,BrClI,0.45,0.5,0.05,0.5,0.5,0,0,3,1.26
MAFACs,PbSn,BrClI,0.57,0.38,0.05,1,0,0,0,3,1.54
MAFACs,PbSn,BrClI,0,0,1,1,0,2.4,0.6,0,2.33
MAFACs,PbSn,BrClI,0.8075,0.1425,0.05,1,0,0.45,0,2.55,1.616
MAFACs,PbSn,BrClI,0.7,0,0.3,1,0,0.768,0,2.232,1.72
MAFACs,PbSn,BrClI,0.6,0.2,0.2,1,0,0.768,0,2.232,1.7
MAFACs,PbSn,BrClI,0,0,1,0.6,0.4,0,0,3,1.38
MAFACs,PbSn,BrClI,0.17,0.83,0,1,0,3,0,0,2.296
MAFACs,PbSn,BrClI,0.6,0.2,0.2,1,0,0.285,0,2.715,1.64
MAFACs,PbSn,BrClI,0.8,0,0.2,1,0,0.768,0,2.232,1.71
MAFACs,PbSn,BrClI,0.79,0.16,0.05,1,0,1.5,0,1.5,1.85
MAFACs,PbSn,BrClI,0,1,0,1,0,1.8,0,1.2,1.92
MAFACs,PbSn,BrClI,0,0.98,0.02,1,0,0.06,0,2.94,1.6
MAFACs,PbSn,BrClI,0.33,0.67,0,1,0,2.001,0,0.999,1.974
MAFACs,PbSn,BrClI,0,1,0,1,0,0.3,0,2.7,1.65
MAFACs,PbSn,BrClI,0,1,0,1,0,1.77,0,1.23,1.96
MAFACs,PbSn,BrClI,0.6,0.4,0,0.4,0.6,0,0,3,1.25
MAFACs,PbSn,BrClI,0.78,0.14,0.08,1,0,0.42,0,2.58,1.61
MAFACs,PbSn,BrClI,0.2,0.6,0.2,1,0,0,0,3,1.634
MAFACs,PbSn,BrClI,0.9,0,0.1,1,0,0.099,0,2.901,1.55
MAFACs,PbSn,BrClI,1,0,0,1,0,0.6,0,2.4,1.57
MAFACs,PbSn,BrClI,0.5,0.5,0,0.5,0.5,0,0,3,1.254
MAFACs,PbSn,BrClI,0,1,0,0.4,0.6,0.9,0,2.1,1.25
MAFACs,PbSn,BrClI,0,0.89,0.11,1,0,0,0,3,1.62
MAFACs,PbSn,BrClI,0.3,0.7,0,1,0,2.1,0,0.9,2.03
MAFACs,PbSn,BrClI,0.79,0.16,0.05,0.75,0.25,0.501,0,2.499,1.34
MAFACs,PbSn,BrClI,0.6,0.4,0,1,0,0.768,0,2.232,1.72
MAFACs,PbSn,BrClI,0,0.77,0.23,1,0,0,0,3,1.644
MAFACs,PbSn,BrClI,0,1,0,1,0,0.075,0,2.976,1.6
MAFACs,PbSn,BrClI,0.81,0.14,0.05,1,0,0.45,0,2.55,1.63
MAFACs,PbSn,BrClI,0,1,0,1,0,0.069,0,2.931,1.61
MAFACs,PbSn,BrClI,0.7,0,0.3,1,0,0.285,0,2.715,1.63
MAFACs,PbSn,BrClI,0.85,0,0.15,1,0,0.9,0,2.1,1.72
MAFACs,PbSn,BrClI,0,1,0,0.25,0.75,1.2,0,1.8,1.34
MAFACs,PbSn,BrClI,0.38,0.57,0.05,1,0,0.201,0,2.799,1.57
MAFACs,PbSn,BrClI,0.95,0,0.05,1,0,0.15,0,2.85,1.538
MAFACs,PbSn,BrClI,0.79,0.16,0.05,0.916,0.084,0.519,0,2.481,1.38
MAFACs,PbSn,BrClI,0,1,0,0.75,0.25,1.2,0,1.8,1.59
MAFACs,PbSn,BrClI,0,1,0,1,0,0.36,0,2.64,1.62
MAFACs,PbSn,BrClI,0.8,0,0.2,0,1,0,0,3,1.2
MAFACs,PbSn,BrClI,0,0.99,0.01,1,0,0.03,0,2.97,1.6
MAFACs,PbSn,BrClI,0,0.83,0.17,1,0,0,0,3,1.633
MAFACs,PbSn,BrClI,0.83,0,0.17,0.98,0.02,0,0,3,1.51
MAFACs,PbSn,BrClI,0,1,0,1,0,0.99,2.01,0,2.81
MAFACs,PbSn,BrClI,0.9,0.1,0,1,0,0.03,0,2.97,1.581
MAFACs,PbSn,BrClI,0,1,0,1,0,0.6,0,2.4,1.62
MAFACs,PbSn,BrClI,0.87,0,0.13,1,0,0.999,0,2.001,1.72
MAFACs,PbSn,BrClI,0,0.91,0.09,1,0,0,0,3,1.59
MAFACs,PbSn,BrClI,0,1,0,0.5,0.5,0.6,0,2.4,1.35
MAFACs,PbSn,BrClI,0.83,0.17,0,1,0,2.001,0,0.999,1.976
MAFACs,PbSn,BrClI,0.84,0.16,0,1,0,0.501,0,2.499,1.65
MAFACs,PbSn,BrClI,0,0,1,0,1,0,3,0,2.8
MAFACs,PbSn,BrClI,0.8,0,0.2,1,0,0.42,0,2.58,1.59
MAFACs,PbSn,BrClI,0,1,0,0.25,0.75,0,0,3,1.24
MAFACs,PbSn,BrClI,0,1,0,1,0,1.14,0,1.86,1.777
MAFACs,PbSn,BrClI,0,1,0,1,0,0.249,0,2.751,1.65
MAFACs,PbSn,BrClI,0.4,0.6,0,1,0,0,0,3,1.544
MAFACs,PbSn,BrClI,0,0,1,0,1,2.001,0,0.999,1.64
MAFACs,PbSn,BrClI,0.79,0.16,0.05,1,0,0.3,0,2.7,1.59
MAFACs,PbSn,BrClI,0.475,0.5,0.025,0.5,0.5,0,0,3,1.27
MAFACs,PbSn,BrClI,0.83,0.12,0.05,1,0,0.51,0,2.49,1.63
MAFACs,PbSn,BrClI,0.79,0.16,0.05,1,0,0.51,0,2.49,1.616
MAFACs,PbSn,BrClI,0.94,0.01,0.05,1,0,0.03,0,2.97,1.55
MAFACs,PbSn,BrClI,0.83,0.17,0,1,0,0.39,0,2.61,1.6
MAFACs,PbSn,BrClI,0.75,0.15,0.1,1,0,0.45,0,2.55,1.63
MAFACs,PbSn,BrClI,0,0,1,1,0,0.309,0,2.691,1.75
MAFACs,PbSn,BrClI,0.71,0.29,0,1,0,0.42,0,2.58,1.62
MAFACs,PbSn,BrClI,0.33,0.67,0,1,0,0,0,3,1.56
MAFACs,PbSn,BrClI,0.976,0.024,0,1,0,0.075,0,2.925,1.54
MAFACs,PbSn,BrClI,0.6,0.4,0,0.4,0.6,0,0,3,1.25
MAFACs,PbSn,BrClI,0.79,0.14,0.07,1,0,0.45,0,2.55,1.55
MAFACs,PbSn,BrClI,0.6,0,0.4,1,0,0.9,0,2.1,1.76
MAFACs,PbSn,BrClI,0,1,0,0.8,0.2,0,0,3,1.5
MAFACs,PbSn,BrClI,0,0.95,0.05,1,0,0,0,3,1.51
MAFACs,PbSn,BrClI,0.747,0.153,0.1,1,0,0.51,0,2.49,1.73
MAFACs,PbSn,BrClI,0,1,0,1,0,0.051,0,2.949,1.58
MAFACs,PbSn,BrClI,0.83,0,0.17,0.99,0.01,0,0,3,1.52
MAFACs,PbSn,BrClI,0.79,0.15,0.06,1,0,0.45,0,2.55,1.64
MAFACs,PbSn,BrClI,0,0,1,1,0,0.09,0,2.91,1.77
MAFACs,PbSn,BrClI,0.71,0.14,0.15,1,0,0.9,0,2.1,1.7
MAFACs,PbSn,BrClI,0,0.6,0.4,1,0,0,0,3,1.62
MAFACs,PbSn,BrClI,0.83,0.17,0,1,0,1.5,0,1.5,1.853
MAFACs,PbSn,BrClI,0.83,0.17,0,1,0,2.499,0,0.501,2.113
MAFACs,PbSn,BrClI,0.3,0.7,0,1,0,0.15,0,2.85,1.6
MAFACs,PbSn,BrClI,0.81,0.14,0.05,1,0,0.399,0,2.601,1.61
MAFACs,PbSn,BrClI,0,0.66,0.34,1,0,0,0,3,1.652
MAFACs,PbSn,BrClI,0.945,0.025,0.03,1,0,0.075,0,2.925,1.56
MAFACs,PbSn,BrClI,0.9,0,0.1,1,0,0.09,0,2.91,1.54
MAFACs,PbSn,BrClI,0.75,0,0.25,1,0,0,0,3,1.57
MAFACs,PbSn,BrClI,0,1,0,1,0,0.3,0,2.7,1.589
MAFACs,PbSn,BrClI,0.8,0,0.2,0.75,0.25,0,0,3,1.35
MAFACs,PbSn,BrClI,0,1,0,1,0,0.021,0,2.979,1.6
MAFACs,PbSn,BrClI,0.75,0.15,0.1,1,0,0.45,0,2.55,1.63
MAFACs,PbSn,BrClI,0.79,0.16,0.05,1,0,0.471,0,2.529,1.59
MAFACs,PbSn,BrClI,1,0,0,1,0,0,0,3,1.48
MAFACs,PbSn,BrClI,0,1,0,0.75,0.25,0,0,3,1.24
MAFACs,PbSn,BrClI,0,0,1,1,0,2.7,0,0.3,2.32
MAFACs,PbSn,BrClI,0.58,0.33,0.09,1,0,0.651,0,2.349,1.59
MAFACs,PbSn,BrClI,0,1,0,1,0,0.09,0,2.91,1.6
MAFACs,PbSn,BrClI,0.78,0.15,0.07,1,0,0.45,0,2.55,1.61
MAFACs,PbSn,BrClI,0.8,0.15,0.05,1,0,0.45,0,2.55,1.61
MAFACs,PbSn,BrClI,0.765,0.135,0.1,1,0,0.45,0,2.55,1.611
MAFACs,PbSn,BrClI,0.83,0,0.17,1,0,1.8,0,1.2,1.93
MAFACs,PbSn,BrClI,0,1,0,1,0,1.5,0,1.5,1.872
MAFACs,PbSn,BrClI,0.83,0.17,0,1,0,0.33,0,2.67,1.59
MAFACs,PbSn,BrClI,0.7,0,0.3,1,0,0,0,3,1.512
MAFACs,PbSn,BrClI,0,0,1,0,1,2.01,0.99,0,1.9
MAFACs,PbSn,BrClI,0.7,0,0.3,1,0,3,0,0,2.287
MAFACs,PbSn,BrClI,0.85,0.15,0,1,0,0,0,3,1.549
MAFACs,PbSn,BrClI,0,1,0,0.875,0.125,0,0,3,1.42
MAFACs,PbSn,BrClI,0.4,0.6,0,1,0,0.024,0,2.976,1.6
MAFACs,PbSn,BrClI,0,0.85,0.15,1,0,0.45,0,2.55,1.717
MAFACs,PbSn,BrClI,0.76,0.14,0.1,1,0,0.51,0,2.49,1.61
MAFACs,PbSn,BrClI,0.79,0.16,0.05,0.5,0.5,0.501,0,2.499,1.31
MAFACs,PbSn,BrClI,0,1,0,1,0,0.12,0,2.88,1.6
MAFACs,PbSn,BrClI,0.17,0.83,0,1,0,2.499,0,0.501,2.153
MAFACs,PbSn,BrClI,0.54,0.36,0.1,1,0,0,0,3,1.51
MAFACs,PbSn,BrClI,0,0,1,1,0,0.45,0,2.55,1.84
MAFACs,PbSn,BrClI,0.83,0.17,0,1,0,0.501,0,2.499,1.606
MAFACs,PbSn,BrClI,0.81,0.14,0.05,1,0,0.45,0,2.55,1.597
MAFACs,PbSn,BrClI,0,0.9,0.1,1,0,0,0,3,1.54
MAFACs,PbSn,BrClI,1,0,0,0.5,0.5,0,0,3,1.17
MAFACs,PbSn,BrClI,0.81,0.09,0.1,1,0,0.099,0,2.901,1.55
MAFACs,PbSn,BrClI,0.83,0.12,0.05,1,0,0.36,0,2.64,1.61
MAFACs,PbSn,BrClI,0,0,1,1,0,0.201,0,2.799,1.82
MAFACs,PbSn,BrClI,0.67,0.33,0,1,0,2.001,0,0.999,1.969
MAFACs,PbSn,BrClI,0,1,0,0.75,0.25,2.1,0,0.9,1.8
MAFACs,PbSn,BrClI,0.84,0.16,0,1,0,0.51,0,2.49,1.64
MAFACs,PbSn,BrClI,0,0.85,0.15,1,0,0,0,3,1.59
MAFACs,PbSn,BrClI,0.83,0,0.17,0.95,0.05,0,0,3,1.485
MAFACs,PbSn,BrClI,0.85,0,0.15,1,0,0.45,0,2.55,1.535
MAFACs,PbSn,BrClI,0,0,1,1,0,0.999,0,2.001,1.92
MAFACs,PbSn,BrClI,0,1,0,1,0,0.15,0,2.85,1.577
MAFACs,PbSn,BrClI,0.8,0.16,0.04,1,0,0.501,0,2.499,1.61
MAFACs,PbSn,BrClI,0.6,0.4,0,0.4,0.6,0.3,0,2.7,1.354
MAFACs,PbSn,BrClI,0,1,0,0.75,0.25,3,0,0,2.03
MAFACs,PbSn,BrClI,0.666,0.0664,0.2668,1,0,0.768,0,2.232,1.71
MAFACs,PbSn,BrClI,0.75,0.25,0,0,1,0,0,3,1.4
MAFACs,PbSn,BrClI,0.84,0.16,0,1,0,0.399,0,2.601,1.53
MAFACs,PbSn,BrClI,0,0,1,1,0,0.21,0,2.79,1.81
MAFACs,PbSn,BrClI,0,0,1,1,0,0.15,0,2.85,1.736
MAFACs,PbSn,BrClI,0.33,0.67,0,1,0,0.501,0,2.499,1.671
MAFACs,PbSn,BrClI,0,1,0,0.4,0.6,1.8,0,1.2,1.29
MAFACs,PbSn,BrClI,0.85,0,0.15,1,0,0.3,0,2.7,1.56
MAFACs,PbSn,BrClI,0,1,0,1,0,1.5,0,1.5,1.72
MAFACs,PbSn,BrClI,0,1,0,1,0,0.321,0,2.679,1.64
MAFACs,PbSn,BrClI,0,1,0,1,0,0.75,0,2.25,1.694
MAFACs,PbSn,BrClI,0.17,0.83,0,1,0,1.5,0,1.5,1.858
MAFACs,PbSn,BrClI,0,1,0,0.2,0.8,0,0,3,1.204
MAFACs,PbSn,BrClI,0.7,0.3,0,1,0,0,0,3,1.582
MAFACs,PbSn,BrClI,0.85,0.15,0,1,0,0.45,0,2.55,1.625
MAFACs,PbSn,BrClI,0.1,0.9,0,1,0,0.3,0,2.7,1.586
MAFACs,PbSn,BrClI,0.75,0,0.25,1,0,0.6,0,2.4,1.7
MAFACs,PbSn,BrClI,0,1,0,1,0,1.86,1.14,0,2.64
MAFACs,PbSn,BrClI,0.66,0.14,0.2,0.75,0.25,0.501,0,2.499,1.38
MAFACs,PbSn,BrClI,0.125,0.875,0,1,0,0,0,3,1.55
MAFACs,PbSn,BrClI,0.78,0.14,0.08,1,0,0.42,0,2.58,1.61
MAFACs,PbSn,BrClI,0,1,0,1,0,0.099,0,2.901,1.601
MAFACs,PbSn,BrClI,0.67,0.33,0,1,0,0,0,3,1.528
MAFACs,PbSn,BrClI,0.83,0.17,0,1,0,2.7,0.3,0,2.27
MAFACs,PbSn,BrClI,0,1,0,0.75,0.25,0.9,0,2.1,1.53
MAFACs,PbSn,BrClI,0.6,0,0.4,1,0,1.05,0,1.95,1.8
MAFACs,PbSn,BrClI,0.733,0.133,0.133,1,0,0.285,0,2.715,1.65
MAFACs,PbSn,BrClI,0,1,0,1,0,0.81,0,2.19,1.71
MAFACs,PbSn,BrClI,0.6,0.4,0,0.4,0.6,0.12,0,2.88,1.26
MAFACs,PbSn,BrClI,0.8,0.2,0,1,0,0,0,3,1.412
MAFACs,PbSn,BrClI,0,1,0,0.8,0.2,0.399,0,2.601,1.26
MAFACs,PbSn,BrClI,0.75,0.1,0.15,1,0,0.099,0,2.901,1.57
MAFACs,PbSn,BrClI,0.15,0.85,0,1,0,0,0,3,1.63
MAFACs,PbSn,BrClI,0,1,0,1,0,2.52,0,0.48,2.154
MAFACs,PbSn,BrClI,0.9,0,0.1,1,0,0.768,0,2.232,1.72
MAFACs,PbSn,BrClI,1,0,0,1,0,0.285,0,2.715,1.59
MAFACs,PbSn,BrClI,1,0,0,0.2,0.8,0,0,3,1.29
MAFACs,PbSn,BrClI,0,1,0,1,0,0.39,0,2.61,1.641
MAFACs,PbSn,BrClI,0.875,0,0.125,1,0,0.375,0,2.625,1.581
MAFACs,PbSn,BrClI,0.7,0.25,0.05,1,0,0,0,3,1.51
MAFACs,PbSn,BrClI,0.85,0.15,0,1,0,0.45,0,2.55,1.58
MAFACs,PbSn,BrClI,0.8,0,0.2,1,0,0.285,0,2.715,1.65
MAFACs,PbSn,BrClI,0.83,0.17,0,1,0,0.51,0,2.49,1.6
MAFACs,PbSn,BrClI,0,1,0,0.4,0.6,1.2,0,1.8,1.26
MAFACs,PbSn,BrClI,0.85,0.15,0,1,0,0.6,0,2.4,1.616
MAFACs,PbSn,BrClI,0.66,0.34,0,1,0,0,0,3,1.533
MAFACs,PbSn,BrClI,0.026,0.974,0,1,0,0,0,3,1.516
MAFACs,PbSn,BrClI,0,0,1,0,1,0,0,3,1.295
MAFACs,PbSn,BrClI,1,0,0,1,0,3,0,0,2.23
MAFACs,PbSn,BrClI,0.1,0.8,0.1,1,0,0,0,3,1.5
MAFACs,PbSn,BrClI,0.125,0.875,0,1,0,0.999,0,2.001,1.71
MAFACs,PbSn,BrClI,0.17,0.83,0,1,0,2.001,0,0.999,1.989
MAFACs,PbSn,BrClI,0.77,0.2,0.03,1,0,0.459,0,2.541,1.5
MAFACs,PbSn,BrClI,0,1,0,1,0,1.2,0,1.8,1.781
MAFACs,PbSn,BrClI,0.32,0.48,0.2,1,0,0.201,0,2.799,1.607
MAFACs,PbSn,BrClI,0.79,0.16,0.05,0.832,0.168,0.519,0,2.481,1.38
MAFACs,PbSn,BrClI,0.79,0.16,0.05,1,0,0,0,3,1.57
MAFACs,PbSn,BrClI,0,0,1,0,1,0.999,0,2.001,1.37
MAFACs,PbSn,BrClI,0.8668,0.0664,0.0664,1,0,0.285,0,2.715,1.63
MAFACs,PbSn,BrClI,0.8,0,0.2,0.3,0.7,0,0,3,1.35
MAFACs,PbSn,BrClI,0.83,0,0.17,1,0,0.171,0,2.829,1.6
MAFACs,PbSn,BrClI,0,0,1,1,0,1.5,0,1.5,1.9
MAFACs,PbSn,BrClI,1,0,0,1,0,2.67,0.33,0,2.3
MAFACs,PbSn,BrClI,0.75,0.2,0.05,1,0,0,0,3,1.52
MAFACs,PbSn,BrClI,0.83,0,0.17,1,0,1.2,0,1.8,1.75
MAFACs,PbSn,BrClI,0.83,0,0.17,1,0,1.2,0,1.8,1.74
MAFACs,PbSn,BrClI,0.83,0.17,0,1,0,0.459,0,2.541,1.57
MAFACs,PbSn,BrClI,0,1,0,1,0,0.9,0,2.1,1.72
MAFACs,PbSn,BrClI,0.7,0,0.3,1,0,0.15,0,2.85,1.62
MAFACs,PbSn,BrClI,0,0,1,0,1,0.501,0,2.499,1.375
MAFACs,PbSn,BrClI,0.7,0.25,0.05,1,0,0,0,3,1.51
MAFACs,PbSn,BrClI,0.44,0.56,0,1,0,0.33,0,2.67,1.62
MAFACs,PbSn,BrClI,0.33,0.66,0,0.66,0.33,0,0,3,1.3
MAFACs,PbSn,BrClI,0.5,0.45,0.05,0.5,0.5,0,0,3,1.22
MAFACs,PbSn,BrClI,0.67,0.33,0,1,0,2.499,0,0.501,2.115
MAFACs,PbSn,BrClI,1,0,0,1,0,2.499,0,0.501,2.105
MAFACs,PbSn,BrClI,0.85,0,0.15,1,0,0.15,0,2.85,1.587
MAFACs,PbSn,BrClI,0.75,0.08,0.17,1,0,0.39,0,2.61,1.61
MAFACs,PbSn,BrClI,0.85,0,0.15,1,0,0,0,3,1.541
MAFACs,PbSn,BrClI,0.79,0.16,0.05,1,0,0.45,0,2.55,1.614
MAFACs,PbSn,BrClI,0,0,1,1,0,3,0,0,2.3
MAFACs,PbSn,BrClI,0.9,0.1,0,1,0,0.768,0,2.232,1.7
MAFACs,PbSn,BrClI,0,1,0,1,0,0.6,2.4,0,2.83
MAFACs,PbSn,BrClI,0.79,0.16,0.05,0.58,0.42,0.519,0,2.481,1.38
MAFACs,PbSn,BrClI,0.74,0.16,0.1,1,0,0.51,0,2.49,1.61
MAFACs,PbSn,BrClI,0.3,0.7,0,1,0,0.3,0,2.7,1.603
MAFACs,PbSn,BrClI,1,0,0,0.5,0.5,0,0,3,1.22
MAFACs,PbSn,BrClI,0,1,0,1,0,1.26,0,1.74,1.79
MAFACs,PbSn,BrClI,0.8,0.04,0.16,1,0,1.5,0,1.5,1.82
MAFACs,PbSn,BrClI,0.17,0.83,0,1,0,0,0,3,1.588
MAFACs,PbSn,BrClI,0.5,0.38,0.12,1,0,0.96,0,2.04,1.72
MAFACs,PbSn,BrClI,0,1,0,1,0,0.33,0,2.67,1.627
MAFACs,PbSn,BrClI,0,0.7,0.3,0.5,0.5,0,0,3,1.28
MAFACs,PbSn,BrClI,0,0.8,0.2,0.5,0.5,0,0,3,1.3
MAFACs,PbSn,BrClI,0.8,0.15,0.05,1,0,0.45,0,2.55,1.59
MAFACs,PbSn,BrClI,0,0.95,0.05,1,0,0,0,3,1.61
MAFACs,PbSn,BrClI,1,0,0,1,0,0.768,0,2.232,1.7
MAFACs,PbSn,BrClI,0.6,0.4,0,0.4,0.6,0.18,0,2.82,1.272
MAFACs,PbSn,BrClI,0,1,0,0.75,0.25,2.4,0,0.6,1.9
MAFACs,PbSn,BrClI,1,0,0,1,0,0,0,3,1.48
MAFACs,PbSn,BrClI,0.9,0,0.1,1,0,0,0,3,1.512
MAFACs,PbSn,BrClI,0.5,0.5,0,1,0,2.499,0,0.501,2.141
MAFACs,PbSn,BrClI,0,0.8,0.2,1,0,0,0,3,1.57
MAFACs,PbSn,BrClI,0,1,0,0.85,0.15,0,0,3,1.51
MAFACs,PbSn,BrClI,0.75,0.15,0.1,0,1,0.501,0,2.499,1.44
MAFACs,PbSn,BrClI,0.38,0.6,0.02,1,0,0.024,0,2.976,1.6
MAFACs,PbSn,BrClI,1,0,0,0.125,0.875,0,0,3,1.25
MAFACs,PbSn,BrClI,0,1,0,1,0,0.3,0,2.7,1.58
MAFACs,PbSn,BrClI,0.3,0.7,0,1,0,0,0,3,1.583
MAFACs,PbSn,BrClI,0.8,0.04,0.16,1,0,1.71,0,1.29,1.89
MAFACs,PbSn,BrClI,0.81,0.16,0.03,1,0,0.501,0,2.499,1.63
MAFACs,PbSn,BrClI,0.8,0,0.2,1,0,0.9,0,2.1,1.75
MAFACs,PbSn,BrClI,0.79,0.16,0.05,1,0,0.39,0,2.61,1.59
MAFACs,PbSn,BrClI,1,0,0,0.625,0.375,0,0,3,1.24
MAFACs,PbSn,BrClI,0.8,0,0.2,1,0,1.5,0,1.5,1.82
MAFACs,PbSn,BrClI,0,1,0,1,0,0.3,0,2.7,1.562
MAFACs,PbSn,BrClI,0,1,0,0,1,0,0,3,1.31
MAFACs,PbSn,BrClI,0.83,0.17,0,1,0,0,0,3,1.535
MAFACs,PbSn,BrClI,0,0.85,0.15,1,0,1.2,0,1.8,1.82
MAFACs,PbSn,BrClI,0,0.9,0.1,0.25,0.75,0,0,3,1.27
MAFACs,PbSn,BrClI,0.83,0.17,0,1,0,0.489,0,2.511,1.615
MAFACs,PbSn,BrClI,0.9,0,0.1,1,0,3,0,0,2.277
MAFACs,PbSn,BrClI,0.7885,0.1615,0.05,1,0,0.3,0,2.7,1.565
MAFACs,PbSn,BrClI,0.83,0.07,0.1,1,0,0.51,0,2.49,1.63
MAFACs,PbSn,BrClI,0.83,0.17,0,1,0,0.471,0,2.529,1.61
MAFACs,PbSn,BrClI,0.93,0,0.07,1,0,0,0,3,1.537
MAFACs,PbSn,BrClI,0,1,0,1,0,0.45,0,2.55,1.6
MAFACs,PbSn,BrClI,0.75,0,0.25,1,0,0.6,0,2.4,1.694
MAFACs,PbSn,BrClI,1,0,0,0.9,0.1,0,0,3,1.43
MAFACs,PbSn,BrClI,0,1,0,1,0,0.399,0,2.601,1.677
MAFACs,PbSn,BrClI,0.9,0.1,0,1,0,0.099,0,2.901,1.562
MAFACs,PbSn,BrClI,0,1,0,0.3,0.7,0,0,3,1.17
MAFACs,PbSn,BrClI,1,0,0,1,0,0,3,0,3
MAFACs,PbSn,BrClI,0,1,0,1,0,0,3,0,3.16
MAFACs,PbSn,BrClI,0.83,0,0.17,0.7,0.3,0,0,3,1.318
MAFACs,PbSn,BrClI,0.83,0.05,0.12,1,0,1.2,0,1.8,1.74
MAFACs,PbSn,BrClI,0.9,0.1,0,1,0,0,0,3,1.532
MAFACs,PbSn,BrClI,0,0,1,1,0,2.1,0.9,0,2.45
MAFACs,PbSn,BrClI,0.7,0.3,0,0.7,0.3,0,0,3,1.26
MAFACs,PbSn,BrClI,0.6,0,0.4,1,0,0.768,0,2.232,1.65
MAFACs,PbSn,BrClI,0,1,0,1,0,0.081,0,2.919,1.61
MAFACs,PbSn,BrClI,0.83,0.17,0,1,0,3,0,0,2.278
MAFACs,PbSn,BrClI,0.83,0,0.17,0.5,0.5,0,0,3,1.26
MAFACs,PbSn,BrClI,0,1,0,0,1,1.8,0.201,0.999,1.87
MAFACs,PbSn,BrClI,0,1,0,0.4,0.6,0,0,3,1.27
MAFACs,PbSn,BrClI,0.75,0.15,0.1,1,0,0.999,0,2.001,1.73
MAFACs,PbSn,BrClI,0,0.9,0.1,1,0,0,0,3,1.606
MAFACs,PbSn,BrClI,0.85,0.15,0,1,0,0.45,0,2.55,1.6
MAFACs,PbSn,BrClI,0.8,0.16,0.04,1,0,0.501,0,2.499,1.633
MAFACs,PbSn,BrClI,0,1,0,1,0,1.8,1.2,0,2.69
MAFACs,PbSn,BrClI,0.8,0.16,0.04,1,0,0.489,0,2.511,1.617
MAFACs,PbSn,BrClI,0.7,0,0.3,1,0,0,0,3,1.58
MAFACs,PbSn,BrClI,0.9,0,0.1,1,0,0.6,0,2.4,1.61
MAFACs,PbSn,BrClI,0,1,0,1,0,2.85,0,0.15,2.23
MAFACs,PbSn,BrClI,0.65,0.35,0,1,0,0,0,3,1.52
MAFACs,PbSn,BrClI,0,1,0,1,0,0.18,0,2.82,1.604
MAFACs,PbSn,BrClI,0.85,0.15,0,1,0,0.501,0,2.499,1.625
MAFACs,PbSn,BrClI,0,1,0,0.75,0.25,2.7,0,0.3,1.99
MAFACs,PbSn,BrClI,0.79,0.16,0.05,1,0,0.3,0,2.7,1.57
MAFACs,PbSn,BrClI,1,0,0,0,1,0.24,0,2.76,1.47
MAFACs,PbSn,BrClI,0.75,0.15,0.1,1,0,0.51,0,2.49,1.63
MAFACs,PbSn,BrClI,0,1,0,1,0,2.13,0,0.87,2.033
MAFACs,PbSn,BrClI,0,1,0,0,1,1.5,0,1.5,1.62
MAFACs,PbSn,BrClI,0.6,0.3,0.1,1,0,0.768,0,2.232,1.7
MAFACs,PbSn,BrClI,0.85,0,0.15,1,0,2.1,0,0.9,2
MAFACs,PbSn,BrClI,0.925,0,0.075,0,1,0,0,3,1.36
MAFACs,PbSn,BrClI,0.85,0.15,0,1,0,0.45,0,2.55,1.583
MAFACs,PbSn,BrClI,0.17,0.83,0,1,0,0.999,0,2.001,1.764
MAFACs,PbSn,BrClI,0,1,0,1,0,0.501,0,2.499,1.654
MAFACs,PbSn,BrClI,0.66,0.14,0.2,1,0,0.501,0,2.499,1.6
MAFACs,PbSn,BrClI,0.79,0.16,0.05,0.664,0.336,0.519,0,2.481,1.38
MAFACs,PbSn,BrClI,0.915,0,0.085,1,0,0.45,0,2.55,1.625
MAFACs,PbSn,BrClI,0.83,0,0.17,1,0,0,0,3,1.54
MAFACs,PbSn,BrClI,0.79,0.16,0.05,1,0,0.501,0,2.499,1.63
MAFACs,PbSn,BrClI,0,0.95,0.05,1,0,1.2,0,1.8,1.82
MAFACs,PbSn,BrClI,0,1,0,0,1,1.2,0,1.8,1.6
MAFACs,PbSn,BrClI,0,0,1,0,1,0.6,0,2.4,1.4
MAFACs,PbSn,BrClI,0.1,0.9,0,0.9,0.1,0,0,3,1.44
MAFACs,PbSn,BrClI,0.2,0.8,0,1,0,0,0,3,1.556
MAFACs,PbSn,BrClI,0.733,0.133,0.133,1,0,0.768,0,2.232,1.71
MAFACs,PbSn,BrClI,0.6,0.4,0,0.4,0.6,0.48,0,2.52,1.32
MAFACs,PbSn,BrClI,0.76,0.09,0.15,1,0,0.03,0,2.97,1.599
MAFACs,PbSn,BrClI,0.765,0.135,0.1,1,0,0.45,0,2.55,1.611
MAFACs,PbSn,BrClI,1,0,0,0,1,0.75,0,2.25,1.63
MAFACs,PbSn,BrClI,0.5,0.5,0,1,0,3,0,0,2.28
MAFACs,PbSn,BrClI,0,1,0,1,0,0.03,0,2.97,1.6
MAFACs,PbSn,BrClI,0.925,0,0.075,1,0,0,0,3,1.51
MAFACs,PbSn,BrClI,0.95,0,0.05,1,0,0,0,3,1.554
MAFACs,PbSn,BrClI,0,1,0,0,1,0.999,0,2.001,1.503
MAFACs,PbSn,BrClI,0.6,0.4,0,1,0,0.399,0,2.601,1.58
MAFACs,PbSn,BrClI,0.83,0.12,0.05,1,0,0.489,0,2.511,1.6
MAFACs,PbSn,BrClI,0,1,0,0.65,0.35,0,0,3,1.25
MAFACs,PbSn,BrClI,0.79,0.16,0.05,0.748,0.252,0.519,0,2.481,1.38
MAFACs,PbSn,BrClI,0.75,0.15,0.1,1,0,0.51,0,2.49,1.61
MAFACs,PbSn,BrClI,0.9,0,0.1,1,0,0.9,0,2.1,1.7
MAFACs,PbSn,BrClI,0,0,1,0.3,0.7,0,0,3,1.29
MAFACs,PbSn,BrClI,0,1,0,1,0,0.6,2.4,0,2.98
MAFACs,PbSn,BrClI,0.83,0.17,0,1,0,1.2,0,1.8,1.72
MAFACs,PbSn,BrClI,0,1,0,0.38,0.62,0,0,3,1.22
MAFACs,PbSn,BrClI,0,1,0,1,0,0.081,0,2.919,1.6
MAFACs,PbSn,BrClI,0.85,0,0.15,1,0,0.3,0,2.7,1.56
MAFACs,PbSn,BrClI,0,1,0,0.95,0.05,0,0,3,1.5
MAFACs,PbSn,BrClI,0.55,0.37,0.08,1,0,0,0,3,1.53
MAFACs,PbSn,BrClI,0.5,0,0.5,1,0,0.51,0,2.49,1.62
MAFACs,PbSn,BrClI,0.39,0.6,0.01,1,0,0.024,0,2.976,1.6
MAFACs,PbSn,BrClI,0,1,0,0.625,0.375,0,0,3,1.25
MAFACs,PbSn,BrClI,0,1,0,1,0,2.49,0.51,0,2.46
MAFACs,PbSn,BrClI,1,0,0,0.7,0.3,0,0,3,1.337
MAFACs,PbSn,BrClI,0,1,0,1,0,0.225,0,2.775,1.62
MAFACs,PbSn,BrClI,0.25,0.75,0,0,1,0,0,3,1.311
MAFACs,PbSn,BrClI,0.83,0.12,0.05,1,0,0.39,0,2.61,1.6
MAFACs,PbSn,BrClI,0,1,0,0.75,0.25,1.5,0,1.5,1.65
MAFACs,PbSn,BrClI,0,1,0,1,0,0.699,0,2.301,1.68
MAFACs,PbSn,BrClI,0,0,1,1,0,0,3,0,3
MAFACs,PbSn,BrClI,0.79,0.16,0.05,1,0,0.501,0,2.499,1.565
MAFACs,PbSn,BrClI,0.25,0.75,0,1,0,0,0,3,1.54
MAFACs,PbSn,BrClI,0,0.9,0.1,0.75,0.25,0,0,3,1.39
MAFACs,PbSn,BrClI,0,1,0,0.9,0.1,0,0,3,1.5
MAFACs,PbSn,BrClI,0.85,0.1,0.05,1,0,0.45,0,2.55,1.59
MAFACs,PbSn,BrClI,0.1,0.9,0,1,0,0,0,3,1.553
MAFACs,PbSn,BrClI,0,1,0,1,0,0,0,3,1.566
MAFACs,PbSn,BrClI,0,1,0,0.5,0.5,1.2,0,1.8,1.48
MAFACs,PbSn,BrClI,0,1,0,0,1,1.5,0.501,0.999,1.97
MAFACs,PbSn,BrClI,0,1,0,0.6,0.4,0,0,3,1.39
MAFACs,PbSn,BrClI,0.7,0.3,0,1,0,0.768,0,2.232,1.71
MAFACs,PbSn,BrClI,0.7,0.3,0,1,0,0.099,0,2.901,1.58
MAFACs,PbSn,BrClI,0.7,0.3,0,1,0,0.9,0,2.1,1.71
MAFACs,PbSn,BrClI,0,1,0,1,0,2.7,0.3,0,2.19
MAFACs,PbSn,BrClI,0.5,0.5,0,1,0,0.501,0,2.499,1.612
MAFACs,PbSn,BrClI,0.4,0.1,0.5,1,0,0.51,0,2.49,1.7
MAFACs,PbSn,BrClI,0.33,0.67,0,1,0,3,0,0,2.288
MAFACs,PbSn,BrClI,0,1,0,1,0,1.251,0,1.749,1.76
MAFACs,PbSn,BrClI,1,0,0,0,1,0,0,3,1.4
MAFACs,PbSn,BrClI,0,0.7,0.3,1,0,0,0,3,1.58
MAFACs,PbSn,BrClI,0.75,0,0.25,1,0,0.9,0,2.1,1.73
MAFACs,PbSn,BrClI,0.8,0,0.2,1,0,1.2,0,1.8,1.803
MAFACs,PbSn,BrClI,0,0.8,0.2,1,0,0,0,3,1.62
MAFACs,PbSn,BrClI,1,0,0,0.375,0.625,0,0,3,1.21
MAFACs,PbSn,BrClI,0.2,0.5,0.3,1,0,0,0,3,1.64
MAFACs,PbSn,BrClI,1,0,0,0,1,0.999,0,2.001,1.571
MAFACs,PbSn,BrClI,0,1,0,1,0,1.08,1.92,0,2.81
MAFACs,PbSn,BrClI,0,1,0,1,0,0.87,0,2.13,1.715
MAFACs,PbSn,BrClI,0,1,0,1,0,0.999,0,2.001,1.6
MAFACs,PbSn,BrClI,0,1,0,1,0,3,0,0,2.3
MAFACs,PbSn,BrClI,0.93,0,0.07,1,0,0.15,0,2.85,1.62
MAFACs,PbSn,BrClI,0.664,0.136,0.2,1,0,1.05,0,1.95,1.77
MAFACs,PbSn,BrClI,0.76,0.19,0.05,1,0,0.6,0,2.4,1.59
MAFACs,PbSn,BrClI,1,0,0,1,0,2.1,0.9,0,2.44
MAFACs,PbSn,BrClI,0,0,1,1,0,2.901,0,0.099,2.38
MAFACs,PbSn,BrClI,0.55,0,0.45,1,0,0.15,0,2.85,1.62
MAFACs,PbSn,BrClI,0.81,0.09,0.1,1,0,0.03,0,2.97,1.6
MAFACs,PbSn,BrClI,0.79,0.15,0.06,1,0,1.8,0,1.2,1.805
MAFACs,PbSn,BrClI,0.7885,0.1615,0.05,1,0,0.3,0,2.7,1.55
MAFACs,PbSn,BrClI,0.85,0,0.15,1,0,0.81,0,2.19,1.72
MAFACs,PbSn,BrClI,0.79,0.16,0.05,1,0,0.48,0,2.52,1.582
MAFACs,PbSn,BrClI,0.66,0.14,0.2,0.25,0.75,0.501,0,2.499,1.28
MAFACs,PbSn,BrClI,0.8,0.2,0,1,0,0.285,0,2.715,1.61
MAFACs,PbSn,BrClI,0,0,1,0.1,0.9,0,0,3,1.22
MAFACs,PbSn,BrClI,0.75,0.15,0.1,0.25,0.75,0.501,0,2.499,1.29
MAFACs,PbSn,BrClI,0.75,0.25,0,1,0,0.51,0,2.49,1.65
MAFACs,PbSn,BrClI,0.3,0.7,0,1,0,0.45,0,2.55,1.66
MAFACs,PbSn,BrClI,0.12,0,0.88,1,0,0,0,3,1.51
MAFACs,PbSn,BrClI,0.5,0.5,0,1,0,1.5,0,1.5,1.833
MAFACs,PbSn,BrClI,0.36,0.54,0.1,1,0,0.201,0,2.799,1.59
MAFACs,PbSn,BrClI,0.85,0,0.15,0,1,0,0,3,1.35
MAFACs,PbSn,BrClI,1,0,0,1,0,2.43,0.57,0,2.36
MAFACs,PbSn,BrClI,0.75,0,0.25,0,1,0,0,3,1.29
MAFACs,PbSn,BrClI,1,0,0,0,1,0.501,0,2.499,1.53
MAFACs,PbSn,BrClI,0.78,0.13,0.05,1,0,0.45,0,2.55,1.6
MAFACs,PbSn,BrClI,0.75,0.15,0.1,1,0,0.501,0,2.499,1.63
MAFACs,PbSn,BrClI,0,1,0,1,0,2.16,0,0.84,2.01
MAFACs,PbSn,BrClI,0,0,1,1,0,0.999,0,2.001,1.916
MAFACs,PbSn,BrClI,1,0,0,1,0,2.25,0.75,0,2.39
MAFACs,PbSn,BrClI,0.83,0,0.17,0.6,0.4,0,0,3,1.275
MAFACs,PbSn,BrClI,0.76,0.16,0.08,1,0,0.51,0,2.49,1.62
MAFACs,PbSn,BrClI,0.75,0.1,0.15,1,0,0,0,3,1.554
MAFACs,PbSn,BrClI,0.81,0.14,0.05,1,0,0.39,0,2.61,1.59
MAFACs,PbSn,BrClI,0.85,0,0.15,1,0,0.87,0,2.13,1.72
MAFACs,PbSn,BrClI,0.5,0.5,0,1,0,0.999,0,2.001,1.751
MAFACs,PbSn,BrClI,0,1,0,0.75,0.25,0.6,0,2.4,1.48
MAFACs,PbSn,BrClI,0.68,0.26,0.05,0.75,0.25,0.399,0,2.601,1.36
MAFACs,PbSn,BrClI,0.79,0.16,0.05,1,0,0.999,0,2.001,1.61
MAFACs,PbSn,BrClI,0.88,0.12,0,1,0,0,0,3,1.53
MAFACs,PbSn,BrClI,0.81,0.19,0,1,0,0.54,0,2.46,1.62
MAFACs,PbSn,BrClI,0,1,0,1,0,0.15,0,2.85,1.57
MAFACs,PbSn,BrClI,0.75,0.25,0,0,1,0,0,3,1.354
MAFACs,PbSn,BrClI,0.83,0,0.17,1,0,0.81,0,2.19,1.7
MAFACs,PbSn,BrClI,0.67,0.33,0,1,0,0.501,0,2.499,1.638
MAFACs,PbSn,BrClI,0.2,0.8,0,1,0,0.3,0,2.7,1.59
MAFACs,PbSn,BrClI,0.83,0,0.17,1,0,0.801,0,2.199,1.72
MAFACs,PbSn,BrClI,0.83,0.17,0,1,0,0.519,0,2.481,1.64
MAFACs,PbSn,BrClI,1,0,0,1,0,3,0,0,2.268
MAFACs,PbSn,BrClI,0,1,0,1,0,2.499,0,0.501,2.161
MAFACs,PbSn,BrClI,1,0,0,0.875,0.125,0,0,3,1.33
MAFACs,PbSn,BrClI,0.17,0.83,0,1,0,0.501,0,2.499,1.625
MAFACs,PbSn,BrClI,0.8,0.2,0,1,0,0.201,0,2.799,1.53
MAFACs,PbSn,BrClI,0.92,0.08,0,1,0,0.24,0,2.76,1.56
MAFACs,PbSn,BrClI,0.4,0.6,0,1,0,0.6,0,2.4,1.68
MAFACs,PbSn,BrClI,0,1,0,1,0,0.87,2.13,0,2.88
MAFACs,PbSn,BrClI,0.3,0.7,0,1,0,0,0,3,1.55
MAFACs,PbSn,BrClI,0.82,0.14,0.04,1,0,0.42,0,2.58,1.58
MAFACs,PbSn,BrClI,0.66,0.14,0.2,0,1,0.501,0,2.499,1.42
MAFACs,PbSn,BrClI,0.79,0.16,0.05,0.25,0.75,0.501,0,2.499,1.3
MAFACs,PbSn,BrClI,0.7,0.3,0,1,0,0.285,0,2.715,1.63
MAFACs,PbSn,BrClI,0.85,0.15,0,1,0,0.21,0,2.79,1.56
MAFACs,PbSn,BrClI,0.79,0.16,0.05,0.16,0.84,0.519,0,2.481,1.38
MAFACs,PbSn,BrClI,0.4,0.6,0,1,0,0.201,0,2.799,1.56
MAFACs,PbSn,BrClI,0,0,1,0,1,0.99,2.01,0,2.1
MAFACs,PbSn,BrClI,0,1,0,0.4,0.6,1.5,0,1.5,1.27
MAFACs,PbSn,BrClI,0.8,0.2,0,1,0,0.6,0,2.4,1.5
MAFACs,PbSn,BrClI,0.6,0,0.4,1,0,0.285,0,2.715,1.61
MAFACs,PbSn,BrClI,0.85,0.15,0,1,0,0.501,0,2.499,1.65
MAFACs,PbSn,BrClI,0.83,0.03,0.14,1,0,0.51,0,2.49,1.63
MAFACs,PbSn,BrClI,0.75,0.15,0.1,1,0,0.501,0,2.499,1.61
MAFACs,PbSn,BrClI,0,1,0,1,0,0.03,0,2.97,1.6
MAFACs,PbSn,BrClI,0,1,0,1,0,1.401,0,1.599,1.791
MAFACs,PbSn,BrClI,0.75,0.25,0,1,0,0,0,3,1.53
MAFACs,PbSn,BrClI,0.6,0.4,0,0.4,0.6,0,0,3,1.249
MAFACs,PbSn,BrClI,0.83,0.17,0,1,0,0.51,0,2.49,1.62
MAFACs,PbSn,BrClI,0.666,0.2668,0.0664,1,0,0.285,0,2.715,1.63
MAFACs,PbSn,BrClI,0.83,0,0.17,1,0,0.75,0,2.25,1.715
MAFACs,PbSn,BrClI,0.2,0.7,0.1,1,0,0,0,3,1.62
MAFACs,PbSn,BrClI,1,0,0,0.75,0.25,0,0,3,1.393
MAFACs,PbSn,BrClI,0,1,0,0.7,0.3,0,0,3,1.278
MAFACs,PbSn,BrClI,0.788,0.162,0.05,1,0,0.51,0,2.49,1.59
MAFACs,PbSn,BrClI,0.2,0.4,0.4,1,0,0,0,3,1.64
MAFACs,PbSn,BrClI,0.66,0.14,0.2,0.5,0.5,0.501,0,2.499,1.31
MAFACs,PbSn,BrClI,0.65,0.3,0.05,1,0,0.15,0,2.85,1.55
MAFACs,PbSn,BrClI,0,1,0,1,0,1.74,0,1.26,1.924
MAFACs,PbSn,BrClI,0.79,0.16,0.05,1,0,0.51,0,2.49,1.63
MAFACs,PbSn,BrClI,0.5,0.5,0,0,1,0,0,3,1.38
MAFACs,PbSn,BrClI,0.83,0.17,0,1,0,0.501,0,2.499,1.622
MAFACs,PbSn,BrClI,0.6,0.4,0,1,0,0,0,3,1.54
MAFACs,PbSn,BrClI,0,1,0,0.375,0.625,0,0,3,1.2
MAFACs,PbSn,BrClI,0,0.9,0.1,1,0,1.2,0,1.8,1.82
MAFACs,PbSn,BrClI,0.75,0.05,0.2,1,0,0.51,0,2.49,1.63
MAFACs,PbSn,BrClI,0.8,0,0.2,1,0,1.05,0,1.95,1.76
MAFACs,PbSn,BrClI,0,1,0,1,0,0.801,0,2.199,1.75
MAFACs,PbSn,BrClI,0.33,0.67,0,1,0,1.5,0,1.5,1.855
MAFACs,PbSn,BrClI,0,0.9,0.1,1,0,0.999,0,2.001,1.77
MAFACs,PbSn,BrClI,1,0,0,0,1,0,0,3,1.4
MAFACs,PbSn,BrClI,0,0,1,1,0,2.799,0,0.201,2.35
MAFACs,PbSn,BrClI,1,0,0,1,0,2.001,0,0.999,1.969
MAFACs,PbSn,BrClI,0,1,0,1,0,2.01,0.99,0,2.57
MAFACs,PbSn,BrClI,0.4,0.6,0,1,0,0.099,0,2.901,1.55
MAFACs,PbSn,BrClI,1,0,0,0.4,0.6,0,0,3,1.29
MAFACs,PbSn,BrClI,0.3,0.7,0,1,0,0.6,0,2.4,1.69
MAFACs,PbSn,BrClI,0,1,0,0.4,0.6,0.399,0,2.601,1.26
MAFACs,PbSn,BrClI,0,0.9,0.1,0.5,0.5,0,0,3,1.29
MAFACs,PbSn,BrClI,0,1,0,1,0,0.201,0,2.799,1.62
MAFACs,PbSn,BrClI,0,1,0,0.75,0.25,0.3,0,2.7,1.43
MAFACs,PbSn,BrClI,0,1,0,0.125,0.875,0,0,3,1.18
MAFACs,PbSn,BrClI,0.6,0.1,0.3,1,0,0.768,0,2.232,1.72
MAFACs,PbSn,BrClI,0.8,0,0.2,0.5,0.5,0,0,3,1.31
MAFACs,PbSn,BrClI,0,1,0,0.2,0.8,0.399,0,2.601,1.26
MAFACs,PbSn,BrClI,0.83,0,0.17,0.3,0.7,0,0,3,1.25
MAFACs,PbSn,BrClI,0.825,0.15,0.025,1,0,0.45,0,2.55,1.651
MAFACs,PbSn,BrClI,0.2,0,0.8,1,0,0.6,0,2.4,1.603
MAFACs,PbSn,BrClI,0.85,0.1,0.05,1,0,0.03,0,2.97,1.598
MAFACs,PbSn,BrClI,0,1,0,1,0,3,0,0,2.11
MAFACs,PbSn,BrClI,0.975,0.025,0,1,0,0,0,3,1.48
MAFACs,PbSn,BrClI,0.666,0.0664,0.2668,1,0,0.285,0,2.715,1.65
MAFACs,PbSn,BrClI,0,1,0,1,0,0.21,2.79,0,3.13
MAFACs,PbSn,BrClI,0,0,1,0.9,0.1,2.001,0,0.999,1.79
MAFACs,PbSn,BrClI,0.83,0,0.17,0.9,0.1,0,0,3,1.44
MAFACs,PbSn,BrClI,0,1,0,1,0,1.68,1.32,0,2.68
MAFACs,PbSn,BrClI,0.8,0.04,0.16,1,0,1.83,0,1.17,1.91
MAFACs,PbSn,BrClI,0,1,0,1,0,2.4,0.6,0,2.55
MAFACs,PbSn,BrClI,0.75,0.15,0.1,0.5,0.5,0.501,0,2.499,1.31
MAFACs,PbSn,BrClI,0.77,0.16,0.07,1,0,0.501,0,2.499,1.639
MAFACs,PbSn,BrClI,0,1,0,0.5,0.5,0,0,3,1.231
MAFACs,PbSn,BrClI,0.5,0.5,0,1,0,0,0,3,1.576
MAFACs,PbSn,BrClI,0.85,0.1,0.05,1,0,3,0,0,2.28
MAFACs,PbSn,BrClI,0.79,0.16,0.05,1,0,0.48,0,2.52,1.6
MAFACs,PbSn,BrClI,0,1,0,1,0,0.78,0,2.22,1.69
MAFACs,PbSn,BrClI,0,1,0,1,0,1.2,1.8,0,2.84
MAFACs,PbSn,BrClI,0,1,0,1,0,0.93,2.07,0,2.84
MAFACs,PbSn,BrClI,0.75,0,0.25,0.5,0.5,0,0,3,1.236
MAFACs,PbSn,BrClI,0.75,0.25,0,0.75,0.25,0,0,3,1.33
MAFACs,PbSn,BrClI,0,1,0,0.4,0.6,0.6,0,2.4,1.24
MAFACs,PbSn,BrClI,0.67,0.33,0,1,0,3,0,0,2.28
MAFACs,PbSn,BrClI,0.1,0.9,0,1,0,2.7,0,0.3,2.14
MAFACs,PbSn,BrClI,0,0.9,0.1,0.7,0.3,0,0,3,1.39
MAFACs,PbSn,BrClI,0.67,0.33,0,1,0,1.5,0,1.5,1.848
MAFACs,PbSn,BrClI,0,0.2,0.8,1,0,0,0,3,1.72
MAFACs,PbSn,BrClI,0,1,0,1,0,1.26,0,1.74,1.9
MAFACs,PbSn,BrClI,0,1,0,1,0,0,3,0,3.04
MAFACs,PbSn,BrClI,0.83,0.17,0,1,0,0.03,0,2.97,1.6
MAFACs,PbSn,BrClI,0.75,0,0.25,0.37,0.63,0,0,3,1.24
MAFACs,PbSn,BrClI,0.75,0.25,0,1,0,0.75,0,2.25,1.61
MAFACs,PbSn,BrClI,0.6,0.4,0,1,0,0.285,0,2.715,1.64
MAFACs,PbSn,BrClI,0.67,0.33,0,1,0,0.999,0,2.001,1.682
MAFACs,PbSn,BrClI,0,1,0,1,0,1.32,1.68,0,2.79
MAFACs,PbSn,BrClI,0,0,1,1,0,0,0,3,1.73
MAFACs,PbSn,BrClI,0,1,0,0.1,0.9,0,0,3,1.18
MAFACs,PbSn,BrClI,0.25,0.75,0,0.75,0.25,0,0,3,1.331
MAFACs,PbSn,BrClI,0.79,0.15,0.06,1,0,0.45,0,2.55,1.593
MAFACs,PbSn,BrClI,0.6,0.1,0.3,1,0,0.285,0,2.715,1.65
MAFACs,PbSn,BrClI,0,1,0,1,0,1.701,0,1.299,1.94
MAFACs,PbSn,BrClI,0,1,0,1,0,0.999,0,2.001,1.8
MAFACs,PbSn,BrClI,0.8,0,0.2,1,0,0,0,3,1.571
MAFACs,PbSn,BrClI,0.7,0,0.3,0.7,0.3,0,0,3,1.3
MAFACs,PbSn,BrClI,0.9,0,0.1,1,0,0.285,0,2.715,1.56
MAFACs,PbSn,BrClI,0,0,1,1,0,1.8,1.2,0,2.47
MAFACs,PbSn,BrClI,0.05,0.95,0,1,0,0,0,3,1.502
MAFACs,PbSn,BrClI,0.83,0,0.17,0.4,0.6,0,0,3,1.25
MAFACs,PbSn,BrClI,0,1,0,0.75,0.25,0,0,3,1.24
MAFACs,PbSn,BrClI,0.96,0.04,0,1,0,0.12,0,2.88,1.48
MAFACs,PbSn,BrClI,0,1,0,1,0,0.111,0,2.889,1.585
MAFACs,PbSn,BrClI,0,1,0,0,1,2.64,0,0.36,1.83
MAFACs,PbSn,BrClI,0.79,0.16,0.05,1,0,0.3,0,2.7,1.55
MAFACs,PbSn,BrClI,0.9,0.1,0,1,0,0.3,0,2.7,1.5
MAFACs,PbSn,BrClI,0.8,0.2,0,1,0,0.768,0,2.232,1.72
MAFACs,PbSn,BrClI,0,1,0,1,0,0.141,0,2.859,1.591
MAFACs,PbSn,BrClI,0.83,0,0.17,1,0,0.999,0,2.001,1.643
MAFACs,PbSn,BrClI,0,1,0,1,0,0.339,0,2.661,1.65
MAFACs,PbSn,BrClI,0.3,0.7,0,1,0,0.3,0,2.7,1.58
MAFACs,PbSn,BrClI,0.9,0.1,0,1,0,0.285,0,2.715,1.61
MAFACs,PbSn,BrClI,0,1,0,0.6,0.4,0.399,0,2.601,1.26
MAFACs,PbSn,BrClI,0.33,0.67,0,1,0,2.499,0,0.501,2.139
MAFACs,PbSn,BrClI,0.6,0.3,0.1,1,0,0.285,0,2.715,1.64
MAFACs,PbSn,BrClI,0.6,0.4,0,0.4,0.6,0.24,0,2.76,1.28
MAFACs,PbSn,BrClI,0.8,0.15,0.05,1,0,0.15,0,2.85,1.622
MAFACs,PbSn,BrClI,0,0.4,0.6,1,0,0,0,3,1.68
MAFACs,PbSn,BrClI,0.79,0.16,0.05,1,0,0.51,0,2.49,1.59
MAFACs,PbSn,BrClI,0,0.97,0.03,1,0,0.09,0,2.91,1.6
MAFACs,PbSn,BrClI,0.79,0.16,0.05,0,1,0.501,0,2.499,1.45
MAFACs,PbSn,BrClI,0.92,0,0.08,1,0,0,0,3,1.51
MAFACs,PbSn,BrClI,0.666,0.2668,0.0664,1,0,0.768,0,2.232,1.71
MAFACs,PbSn,BrClI,0,1,0,1,0,0.561,0,2.439,1.68
MAFACs,PbSn,BrClI,0.75,0.25,0,1,0,0.45,0,2.55,1.62
MAFACs,PbSn,BrClI,0.65,0.2,0.15,1,0,0.6,0,2.4,1.68
MAFACs,PbSn,BrClI,0.8668,0.0664,0.066,1,0,0.768,0,2.232,1.7
MAFACs,PbSn,BrClI,0.6,0.4,0,0.4,0.6,0,0,3,1.25
MAFACs,PbSn,BrClI,1,0,0,1,0,0.15,0,2.85,1.62
MAFACs,PbSn,BrClI,0,0,1,1,0,0.999,0,2.001,1.91
MAFACs,PbSn,BrClI,0.5,0.5,0,0.75,0.25,0,0,3,1.33
MAFACs,PbSn,BrClI,0.85,0,0.15,0.375,0.625,0,0,3,1.24
MAFACs,PbSn,BrClI,0.72,0.08,0.2,1,0,0.03,0,2.97,1.62
MAFACs,PbSn,BrClI,0,0,1,0,1,3,0,0,1.791
MAFACs,PbSn,BrClI,0.4,0.6,0,1,0,0,0,3,1.541
MAFACs,PbSn,BrClI,0.7885,0.1615,0.05,1,0,0.51,0,2.49,1.576
MAFACs,PbSn,BrClI,0.8,0,0.2,1,0,0.75,0,2.25,1.67
MAFACs,PbSn,BrClI,0.87,0.13,0,1,0,0,0,3,1.5
MAFACs,PbSn,BrClI,0,1,0,0,1,0.6,0,2.4,1.36
MAFACs,PbSn,BrClI,0,1,0,0.7,0.3,0,0,3,1.285
MAFACs,PbSn,BrClI,0.02,0.98,0,1,0,0,0,3,1.51
MAFACs,PbSn,BrClI,0.92,0.08,0,1,0,0,0,3,1.55
MAFACs,PbSn,BrClI,0.83,0,0.17,1,0,0.51,0,2.49,1.623
MAFACs,PbSn,BrClI,0.83,0.17,0,1,0,0.999,0,2.001,1.684
MAFACs,PbSn,BrClI,0.33,0.67,0,1,0,0.999,0,2.001,1.757
MAFACs,PbSn,BrClI,0.5,0.5,0,1,0,2.001,0,0.999,1.957
MAFACs,PbSn,BrClI,0,1,0,0,1,2.001,0,0.999,1.77
MAFACs,PbSn,BrClI,0.81,0.14,0.05,1,0,0.42,0,2.58,1.61
MAFACs,PbSn,BrClI,0,1,0,1,0,0.66,0,2.34,1.58
MAFACs,PbSn,BrClI,0.75,0,0.25,1,0,0.3,0,2.7,1.57
MAFACs,PbSn,BrClI,0,1,0,1,0,1.5,1.5,0,2.75
HydPbI2Cl,,,1,0,0,1,1,1,1,1,3.7
MA0.95GA0.05PbI3,,,0.95,0.05,0,1,1,1,1,1,1.59
MA0.9GA0.1PbI3,,,0.9,0.1,0,1,1,1,1,1,1.59
MA0.85GA0.15PbI3,,,0.85,0.15,0,1,1,1,1,1,1.59
MA0.8GA0.2PbI3,,,0.8,0.2,0,1,1,1,1,1,1.59
MA0.8Hz0.2SnI3,,,0.8,0.2,0,1,1,1,1,1,1.3
MA0.90DMA0.10SnBr3,,,0.9,0.1,0,1,1,1,1,1,2.11
MA0.85DMA0.15SnBr3,,,0.85,0.15,0,1,1,1,1,1,2.14
MA0.70DMA0.30SnBr3,,,0.7,0.3,0,1,1,1,1,1,2.33
MA0.60DMA0.40SnBr3,,,0.6,0.4,0,1,1,1,1,1,2.44
MA0.40DMA0.60SnBr3,,,0.4,0.6,0,1,1,1,1,1,2.56
GuaPbI2Cl,,,1,0,0,1,1,1,1,1,2.06
FA0.75MA0.25SnI3,,,0.75,0.25,0,1,1,1,1,1,1.4
FA0.75MA0.25Sn0.95Ge0.05I3,,,0.75,0.25,0,0.95,0.05,1,1,1,1.4
FA0.75MA0.25Sn0.90Ge0.10I3,,,0.75,0.25,0,0.9,0.1,1,1,1,1.42
FA0.75MA0.25Sn0.8Ge0.2I3,,,0.75,0.25,0,0.8,0.2,1,1,1,1.53
MA0.8ACA0.2PbI3,,,0.8,0.2,0,1,1,1,1,1,1.58
MA0.9ACA0.1PbI3,,,0.9,0.1,0,1,1,1,1,1,1.58
DMA0.1FA0.6Cs0.3PbI2.4Br0.6,,,0.1,0.6,0.3,1,1,2.4,0.6,0,1.73
FA0.33GA0.19Cs0.47PbI1.98Br1.02,,,0.33,0.19,0.48,1,1,1.98,0,1.02,1.84
FA0.58GA0.1Cs0.32PbI1.98Br1.02,,,0.58,0.1,0.32,1,1,1.02,1.98,0,1.75
AzPbI2Cl,,,1,0,0,1,1,1,1,1,2.018
MAPbI2.6Cl0.4,,,0,1,0,1,1,2.6,0,0.4,1.63823
MA0.95IM0.05PbI2.6Cl0.4,,,0,0.05,0.95,1,1,0,0.4,2.6,1.63268
MA0.9IM0.1PbI2.6Cl0.4,,,0.9,0.1,0,1,1,0,2.6,0.4,1.63266
MA0.75IM0.25PbI2.6Cl0.4,,,0,0.25,0.75,1,1,0.4,0,2.6,1.63131
MA0.66EA0.33PbBr3,,,0.66,0.33,0,1,1,1,1,1,2.29
Ethylammonium Germanium Fluoride,Ge,F,1,0,0,0,1,1,1,1,4.560533333
Propylammonium Germanium Fluoride,Ge,F,0,1,0,1,0,1,1,1,4.5510125
Butylammonium Germanium Fluoride,Ge,F,0,0,1,0,1,1,1,1,4.7092
Isopropylammonium Germanium Fluoride,Ge,F,0,1,0,1,0,1,1,1,4.960077778
Dimethylammonium Germanium Fluoride,Ge,F,1,0,0,0,1,1,1,1,4.5091
Acetamidinium Germanium Fluoride,Ge,F,0,1,0,1,0,1,1,1,4.026366667
Methylammonium Germanium Fluoride,Ge,F,0,0,1,0,1,1,1,1,3.9562
Guanidinium Germanium Fluoride,Ge,F,0,1,0,1,0,1,1,1,4.3617
Hydroxylammonium Germanium Fluoride,Ge,F,1,0,0,0,1,1,1,1,4.387157143
Formamidinium Germanium Fluoride,Ge,F,0,1,0,1,0,1,1,1,3.6069
Tetramethylammonium Germanium Fluoride,Ge,F,0,0,1,0,1,1,1,1,4.91785
Hydrazinium Germanium Fluoride,Ge,F,0,1,0,1,0,1,1,1,4.2959625
Ammonium Germanium Fluoride,Ge,F,1,0,0,0,1,1,1,1,4.1935
Trimethylammonium Germanium Fluoride,Ge,F,0,1,0,1,0,1,1,1,4.848685714
Azetidinium Germanium Fluoride,Ge,F,0,0,1,0,1,1,1,1,4.329915385
Imidazolium Germanium Fluoride,Ge,F,0,1,0,1,0,1,1,1,3.706383333
Ethylammonium Germanium Chloride,Ge,Cl,1,0,0,0,1,1,1,1,3.1944
Propylammonium Germanium Chloride,Ge,Cl,0,1,0,1,0,1,1,1,3.29545
Butylammonium Germanium Chloride,Ge,Cl,0,0,1,0,1,1,1,1,3.462366667
Isopropylammonium Germanium Chloride,Ge,Cl,0,1,0,1,0,1,1,1,3.564214286
Dimethylammonium Germanium Chloride,Ge,Cl,1,0,0,0,1,1,1,1,3.2404
Acetamidinium Germanium Chloride,Ge,Cl,0,1,0,1,0,1,1,1,3.36318
Methylammonium Germanium Chloride,Ge,Cl,0,0,1,0,1,1,1,1,3.02224
Guanidinium Germanium Chloride,Ge,Cl,0,1,0,1,0,1,1,1,3.123666667
Hydroxylammonium Germanium Chloride,Ge,Cl,1,0,0,0,1,1,1,1,3.016871429
Formamidinium Germanium Chloride,Ge,Cl,0,1,0,1,0,1,1,1,2.9164
Tetramethylammonium Germanium Chloride,Ge,Cl,0,0,1,0,1,1,1,1,3.534533333
Hydrazinium Germanium Chloride,Ge,Cl,0,1,0,1,0,1,1,1,3.10273
Ammonium Germanium Chloride,Ge,Cl,1,0,0,0,1,1,1,1,2.8544
Trimethylammonium Germanium Chloride,Ge,Cl,0,1,0,1,0,1,1,1,3.465675
Azetidinium Germanium Chloride,Ge,Cl,0,0,1,0,1,1,1,1,3.237364286
Imidazolium Germanium Chloride,Ge,Cl,0,1,0,1,0,1,1,1,3.1843
Ethylammonium Germanium Bromide,Ge,Br,1,0,0,0,1,1,1,1,2.649581818
Propylammonium Germanium Bromide,Ge,Br,0,1,0,1,0,1,1,1,2.694338462
Butylammonium Germanium Bromide,Ge,Br,0,0,1,0,1,1,1,1,2.830133333
Isopropylammonium Germanium Bromide,Ge,Br,0,1,0,1,0,1,1,1,2.816933333
Dimethylammonium Germanium Bromide,Ge,Br,1,0,0,0,1,1,1,1,2.659055556
Acetamidinium Germanium Bromide,Ge,Br,0,1,0,1,0,1,1,1,2.66935
Methylammonium Germanium Bromide,Ge,Br,0,0,1,0,1,1,1,1,2.332716667
Guanidinium Germanium Bromide,Ge,Br,0,1,0,1,0,1,1,1,2.3976
Hydroxylammonium Germanium Bromide,Ge,Br,1,0,0,0,1,1,1,1,2.383
Formamidinium Germanium Bromide,Ge,Br,0,1,0,1,0,1,1,1,2.2667
Tetramethylammonium Germanium Bromide,Ge,Br,0,0,1,0,1,1,1,1,2.809833333
Hydrazinium Germanium Bromide,Ge,Br,0,1,0,1,0,1,1,1,2.465990909
Ammonium Germanium Bromide,Ge,Br,1,0,0,0,1,1,1,1,2.607725
Trimethylammonium Germanium Bromide,Ge,Br,0,1,0,1,0,1,1,1,2.870755556
Azetidinium Germanium Bromide,Ge,Br,0,0,1,0,1,1,1,1,2.6739
Imidazolium Germanium Bromide,Ge,Br,0,1,0,1,0,1,1,1,2.67635
Ethylammonium Germanium Iodide,Ge,I,1,0,0,0,1,1,1,1,2.110658333
Propylammonium Germanium Iodide,Ge,I,0,1,0,1,0,1,1,1,2.116233333
Butylammonium Germanium Iodide,Ge,I,0,0,1,0,1,1,1,1,2.10995
Isopropylammonium Germanium Iodide,Ge,I,0,1,0,1,0,1,1,1,2.21984
Dimethylammonium Germanium Iodide,Ge,I,1,0,0,0,1,1,1,1,2.0828375
Acetamidinium Germanium Iodide,Ge,I,0,1,0,1,0,1,1,1,2.098583333
Methylammonium Germanium Iodide,Ge,I,0,0,1,0,1,1,1,1,1.92505
Guanidinium Germanium Iodide,Ge,I,0,1,0,1,0,1,1,1,1.794766667
Hydroxylammonium Germanium Iodide,Ge,I,1,0,0,0,1,1,1,1,1.959757143
Formamidinium Germanium Iodide,Ge,I,0,1,0,1,0,1,1,1,1.8061
Tetramethylammonium Germanium Iodide,Ge,I,0,0,1,0,1,1,1,1,2.2249
Hydrazinium Germanium Iodide,Ge,I,0,1,0,1,0,1,1,1,1.920790909
Ammonium Germanium Iodide,Ge,I,1,0,0,0,1,1,1,1,2.205933333
Trimethylammonium Germanium Iodide,Ge,I,0,1,0,1,0,1,1,1,2.135755556
Azetidinium Germanium Iodide,Ge,I,0,0,1,0,1,1,1,1,2.107426667
Imidazolium Germanium Iodide,Ge,I,0,1,0,1,0,1,1,1,2.1206625
Ethylammonium Tin Fluoride,Sn,F,1,0,0,0,1,1,1,1,3.720518182
Propylammonium Tin Fluoride,Sn,F,0,1,0,1,0,1,1,1,3.92393
Butylammonium Tin Fluoride,Sn,F,0,0,1,0,1,1,1,1,4.163325
Isopropylammonium Tin Fluoride,Sn,F,0,1,0,1,0,1,1,1,4.181166667
Dimethylammonium Tin Fluoride,Sn,F,1,0,0,0,1,1,1,1,3.881322222
Acetamidinium Tin Fluoride,Sn,F,0,1,0,1,0,1,1,1,3.3683
Methylammonium Tin Fluoride,Sn,F,0,0,1,0,1,1,1,1,3.526333333
Guanidinium Tin Fluoride,Sn,F,0,1,0,1,0,1,1,1,3.7309
Hydroxylammonium Tin Fluoride,Sn,F,1,0,0,0,1,1,1,1,3.76648
Formamidinium Tin Fluoride,Sn,F,0,1,0,1,0,1,1,1,3.09505
Tetramethylammonium Tin Fluoride,Sn,F,0,0,1,0,1,1,1,1,4.4999
Hydrazinium Tin Fluoride,Sn,F,0,1,0,1,0,1,1,1,3.6717875
Ammonium Tin Fluoride,Sn,F,1,0,0,0,1,1,1,1,3.815766667
Trimethylammonium Tin Fluoride,Sn,F,0,1,0,1,0,1,1,1,4.079542857
Azetidinium Tin Fluoride,Sn,F,0,0,1,0,1,1,1,1,3.576678571
Imidazolium Tin Fluoride,Sn,F,0,1,0,1,0,1,1,1,3.220233333
Ethylammonium Tin Chloride,Sn,Cl,1,0,0,0,1,1,1,1,2.893872727
Propylammonium Tin Chloride,Sn,Cl,0,1,0,1,0,1,1,1,3.043214286
Butylammonium Tin Chloride,Sn,Cl,0,0,1,0,1,1,1,1,3.0619
Isopropylammonium Tin Chloride,Sn,Cl,0,1,0,1,0,1,1,1,3.1020375
Dimethylammonium Tin Chloride,Sn,Cl,1,0,0,0,1,1,1,1,2.9156375
Acetamidinium Tin Chloride,Sn,Cl,0,1,0,1,0,1,1,1,2.845483333
Methylammonium Tin Chloride,Sn,Cl,0,0,1,0,1,1,1,1,2.441183333
Guanidinium Tin Chloride,Sn,Cl,0,1,0,1,0,1,1,1,2.8579
Hydroxylammonium Tin Chloride,Sn,Cl,1,0,0,0,1,1,1,1,2.9394
Formamidinium Tin Chloride,Sn,Cl,0,1,0,1,0,1,1,1,2.401766667
Tetramethylammonium Tin Chloride,Sn,Cl,0,0,1,0,1,1,1,1,3.123066667
Hydrazinium Tin Chloride,Sn,Cl,0,1,0,1,0,1,1,1,2.819754545
Ammonium Tin Chloride,Sn,Cl,1,0,0,0,1,1,1,1,2.78015
Trimethylammonium Tin Chloride,Sn,Cl,0,1,0,1,0,1,1,1,3.02456
Azetidinium Tin Chloride,Sn,Cl,0,0,1,0,1,1,1,1,2.873741176
Imidazolium Tin Chloride,Sn,Cl,0,1,0,1,0,1,1,1,2.923925
Ethylammonium Tin Bromide,Sn,Br,1,0,0,0,1,1,1,1,2.365516667
Propylammonium Tin Bromide,Sn,Br,0,1,0,1,0,1,1,1,2.476076923
Butylammonium Tin Bromide,Sn,Br,0,0,1,0,1,1,1,1,2.569533333
Isopropylammonium Tin Bromide,Sn,Br,0,1,0,1,0,1,1,1,2.555
Dimethylammonium Tin Bromide,Sn,Br,1,0,0,0,1,1,1,1,2.148142857
Acetamidinium Tin Bromide,Sn,Br,0,1,0,1,0,1,1,1,2.343157143
Methylammonium Tin Bromide,Sn,Br,0,0,1,0,1,1,1,1,2.00025
Guanidinium Tin Bromide,Sn,Br,0,1,0,1,0,1,1,1,1.897
Hydroxylammonium Tin Bromide,Sn,Br,1,0,0,0,1,1,1,1,2.366585714
Formamidinium Tin Bromide,Sn,Br,0,1,0,1,0,1,1,1,1.7985
Tetramethylammonium Tin Bromide,Sn,Br,0,0,1,0,1,1,1,1,2.4692
Hydrazinium Tin Bromide,Sn,Br,0,1,0,1,0,1,1,1,2.195825
Ammonium Tin Bromide,Sn,Br,1,0,0,0,1,1,1,1,2.3745
Trimethylammonium Tin Bromide,Sn,Br,0,1,0,1,0,1,1,1,2.397645455
Azetidinium Tin Bromide,Sn,Br,0,0,1,0,1,1,1,1,2.32353125
Imidazolium Tin Bromide,Sn,Br,0,1,0,1,0,1,1,1,2.401342857
Ethylammonium Tin Iodide,Sn,I,1,0,0,0,1,1,1,1,1.910216667
Propylammonium Tin Iodide,Sn,I,0,1,0,1,0,1,1,1,1.919084615
Butylammonium Tin Iodide,Sn,I,0,0,1,0,1,1,1,1,2.022033333
Isopropylammonium Tin Iodide,Sn,I,0,1,0,1,0,1,1,1,1.96635
Dimethylammonium Tin Iodide,Sn,I,1,0,0,0,1,1,1,1,1.8157375
Acetamidinium Tin Iodide,Sn,I,0,1,0,1,0,1,1,1,1.792416667
Methylammonium Tin Iodide,Sn,I,0,0,1,0,1,1,1,1,1.619783333
Guanidinium Tin Iodide,Sn,I,0,1,0,1,0,1,1,1,1.4159
Hydroxylammonium Tin Iodide,Sn,I,1,0,0,0,1,1,1,1,1.734942857
Formamidinium Tin Iodide,Sn,I,0,1,0,1,0,1,1,1,1.5376
Tetramethylammonium Tin Iodide,Sn,I,0,0,1,0,1,1,1,1,1.9391
Hydrazinium Tin Iodide,Sn,I,0,1,0,1,0,1,1,1,1.725027273
Ammonium Tin Iodide,Sn,I,1,0,0,0,1,1,1,1,2.16695
Trimethylammonium Tin Iodide,Sn,I,0,1,0,1,0,1,1,1,1.818463636
Azetidinium Tin Iodide,Sn,I,0,0,1,0,1,1,1,1,1.89781875
Imidazolium Tin Iodide,Sn,I,0,1,0,1,0,1,1,1,1.8106
Ethylammonium Lead Fluoride,Pb,F,1,0,0,0,1,1,1,1,4.000325
Propylammonium Lead Fluoride,Pb,F,0,1,0,1,0,1,1,1,4.2668
Butylammonium Lead Fluoride,Pb,F,0,0,1,0,1,1,1,1,4.509
Isopropylammonium Lead Fluoride,Pb,F,0,1,0,1,0,1,1,1,4.447525
Dimethylammonium Lead Fluoride,Pb,F,1,0,0,0,1,1,1,1,4.2284
Acetamidinium Lead Fluoride,Pb,F,0,1,0,1,0,1,1,1,3.98928
Methylammonium Lead Fluoride,Pb,F,0,0,1,0,1,1,1,1,4.071383333
Guanidinium Lead Fluoride,Pb,F,0,1,0,1,0,1,1,1,4.16335
Hydroxylammonium Lead Fluoride,Pb,F,1,0,0,0,1,1,1,1,4.4032
Formamidinium Lead Fluoride,Pb,F,0,1,0,1,0,1,1,1,3.74955
Tetramethylammonium Lead Fluoride,Pb,F,0,0,1,0,1,1,1,1,4.9344
Hydrazinium Lead Fluoride,Pb,F,0,1,0,1,0,1,1,1,4.1405875
Ammonium Lead Fluoride,Pb,F,1,0,0,0,1,1,1,1,4.38095
Trimethylammonium Lead Fluoride,Pb,F,0,1,0,1,0,1,1,1,4.432533333
Azetidinium Lead Fluoride,Pb,F,0,0,1,0,1,1,1,1,3.972433333
Imidazolium Lead Fluoride,Pb,F,0,1,0,1,0,1,1,1,3.666533333
Ethylammonium Lead Chloride,Pb,Cl,1,0,0,0,1,1,1,1,3.185
Propylammonium Lead Chloride,Pb,Cl,0,1,0,1,0,1,1,1,3.242809091
Butylammonium Lead Chloride,Pb,Cl,0,0,1,0,1,1,1,1,3.0774
Isopropylammonium Lead Chloride,Pb,Cl,0,1,0,1,0,1,1,1,3.27422
Dimethylammonium Lead Chloride,Pb,Cl,1,0,0,0,1,1,1,1,2.954871429
Acetamidinium Lead Chloride,Pb,Cl,0,1,0,1,0,1,1,1,3.060783333
Methylammonium Lead Chloride,Pb,Cl,0,0,1,0,1,1,1,1,2.99834
Guanidinium Lead Chloride,Pb,Cl,0,1,0,1,0,1,1,1,2.7997
Hydroxylammonium Lead Chloride,Pb,Cl,1,0,0,0,1,1,1,1,3.353183333
Formamidinium Lead Chloride,Pb,Cl,0,1,0,1,0,1,1,1,2.7384
Tetramethylammonium Lead Chloride,Pb,Cl,0,0,1,0,1,1,1,1,3.1793
Hydrazinium Lead Chloride,Pb,Cl,0,1,0,1,0,1,1,1,3.304533333
Ammonium Lead Chloride,Pb,Cl,1,0,0,0,1,1,1,1,3.1678
Trimethylammonium Lead Chloride,Pb,Cl,0,1,0,1,0,1,1,1,3.068427273
Azetidinium Lead Chloride,Pb,Cl,0,0,1,0,1,1,1,1,2.882192308
Imidazolium Lead Chloride,Pb,Cl,0,1,0,1,0,1,1,1,3.1806
Ethylammonium Lead Bromide,Pb,Br,1,0,0,0,1,1,1,1,2.61456
Propylammonium Lead Bromide,Pb,Br,0,1,0,1,0,1,1,1,2.700772727
Butylammonium Lead Bromide,Pb,Br,0,0,1,0,1,1,1,1,2.495425
Isopropylammonium Lead Bromide,Pb,Br,0,1,0,1,0,1,1,1,2.697575
Dimethylammonium Lead Bromide,Pb,Br,1,0,0,0,1,1,1,1,2.448557143
Acetamidinium Lead Bromide,Pb,Br,0,1,0,1,0,1,1,1,2.452583333
Methylammonium Lead Bromide,Pb,Br,0,0,1,0,1,1,1,1,2.4594
Guanidinium Lead Bromide,Pb,Br,0,1,0,1,0,1,1,1,2.223766667
Hydroxylammonium Lead Bromide,Pb,Br,1,0,0,0,1,1,1,1,2.761285714
Formamidinium Lead Bromide,Pb,Br,0,1,0,1,0,1,1,1,2.223566667
Tetramethylammonium Lead Bromide,Pb,Br,0,0,1,0,1,1,1,1,2.4796
Hydrazinium Lead Bromide,Pb,Br,0,1,0,1,0,1,1,1,2.6043125
Ammonium Lead Bromide,Pb,Br,1,0,0,0,1,1,1,1,2.754666667
Trimethylammonium Lead Bromide,Pb,Br,0,1,0,1,0,1,1,1,2.434877778
Azetidinium Lead Bromide,Pb,Br,0,0,1,0,1,1,1,1,2.497361538
Imidazolium Lead Bromide,Pb,Br,0,1,0,1,0,1,1,1,2.42272
Ethylammonium Lead Iodide,Pb,I,1,0,0,0,1,1,1,1,2.065145455
Propylammonium Lead Iodide,Pb,I,0,1,0,1,0,1,1,1,2.073807692
Butylammonium Lead Iodide,Pb,I,0,0,1,0,1,1,1,1,2.0857
Isopropylammonium Lead Iodide,Pb,I,0,1,0,1,0,1,1,1,2.14426
Dimethylammonium Lead Iodide,Pb,I,1,0,0,0,1,1,1,1,1.969428571
Acetamidinium Lead Iodide,Pb,I,0,1,0,1,0,1,1,1,1.964583333
Methylammonium Lead Iodide,Pb,I,0,0,1,0,1,1,1,1,2.061733333
Guanidinium Lead Iodide,Pb,I,0,1,0,1,0,1,1,1,1.7973
Hydroxylammonium Lead Iodide,Pb,I,1,0,0,0,1,1,1,1,2.114
Formamidinium Lead Iodide,Pb,I,0,1,0,1,0,1,1,1,1.941766667
Tetramethylammonium Lead Iodide,Pb,I,0,0,1,0,1,1,1,1,1.9472
Hydrazinium Lead Iodide,Pb,I,0,1,0,1,0,1,1,1,2.054988889
Ammonium Lead Iodide,Pb,I,1,0,0,0,1,1,1,1,2.247666667
Trimethylammonium Lead Iodide,Pb,I,0,1,0,1,0,1,1,1,1.933858333
Azetidinium Lead Iodide,Pb,I,0,0,1,0,1,1,1,1,2.019833333
Imidazolium Lead Iodide,Pb,I,0,1,0,1,0,1,1,1,1.828883333
